地区名1,地区名2,地区名3,地区名4,地区名5,備考,雑ごみ,普通ごみ_収集時間要問合せ,普通ごみ_午前,普通ごみ_午後,普通ごみ_8:30~10:30,普通ごみ_9:00~11:00,普通ごみ_9:30~11:30,普通ごみ_10:00~12:00,普通ごみ_10:30~12:30,普通ごみ_11:00~13:00,普通ごみ_11:30~13:30,普通ごみ_12:00~14:00,普通ごみ_12:30~14:30,普通ごみ_13:00~15:00,普通ごみ_13:30~15:30,普通ごみ_14:00~16:00,普通ごみ_14:30~16:30,資源ごみ_収集時間要問合せ,資源ごみ_午前,資源ごみ_午後,資源ごみ_8:30~10:30,資源ごみ_9:00~11:00,資源ごみ_9:30~11:30,資源ごみ_10:00~12:00,資源ごみ_10:30~12:30,資源ごみ_11:00~13:00,資源ごみ_11:30~13:30,資源ごみ_12:00~14:00,資源ごみ_12:30~14:30,資源ごみ_13:00~15:00,資源ごみ_13:30~15:30,資源ごみ_14:00~16:00,資源ごみ_14:30~16:30,プラスチック資源_収集時間要問合せ,プラスチック資源_午前,プラスチック資源_午後,プラスチック資源_8:30~10:30,プラスチック資源_9:00~11:00,プラスチック資源_9:30~11:30,プラスチック資源_10:00~12:00,プラスチック資源_10:30~12:30,プラスチック資源_11:00~13:00,プラスチック資源_11:30~13:30,プラスチック資源_12:00~14:00,プラスチック資源_12:30~14:30,プラスチック資源_13:00~15:00,プラスチック資源_13:30~15:30,プラスチック資源_14:00~16:00,プラスチック資源_14:30~16:30,古紙衣類_収集時間要問合せ,古紙衣類_午前,古紙衣類_午後,古紙衣類_8:30~10:30,古紙衣類_9:00~11:00,古紙衣類_9:30~11:30,古紙衣類_10:00~12:00,古紙衣類_10:30~12:30,古紙衣類_11:00~13:00,古紙衣類_11:30~13:30,古紙衣類_12:00~14:00,古紙衣類_12:30~14:30,古紙衣類_13:00~15:00,古紙衣類_13:30~15:30,古紙衣類_14:00~16:00,古紙衣類_14:30~16:30
港区,池島,1丁目,1番,,,,,,,,,月木,,,,,,,,,,,,,,水,,,,,,,,,,,,,,,,土,,,,,,,,,,,,,,,,,,,,,,,,月,,,,
港区,池島,1丁目,2番,,,,,,,,,月木,,,,,,,,,,,,,,,水,,,,,,,,,,,,,,,,土,,,,,,,,,,,,,,,,,,,,,,,月,,,,
港区,池島,1丁目,3番,,,,,,,,,月木,,,,,,,,,,,,,,,水,,,,,,,,,,,,,,,,土,,,,,,,,,,,,,,,,,,,,,,,月,,,,
港区,池島,1丁目,4番,池島住宅7号館,,,,,,,月木,,,,,,,,,,,,,,,,,,,,,,,,水,,,,,,,,,,,,,,,,土,,,,,,,,,,,,,,,月,,,,
港区,池島,1丁目,4番,上記以外,,,,,,,月木,,,,,,,,,,,,,,,,水,,,,,,,,,,,,,,,,土,,,,,,,,,,,,,,,,,,,,,,,月,,,,
港区,池島,1丁目,5番,,,,,,,,月木,,,,,,,,,,,,,,,,水,,,,,,,,,,,,,,,,土,,,,,,,,,,,,,,,,,,,,,,,月,,,,
港区,池島,2丁目,1番,,,,,,,,月木,,,,,,,,,,,,,,,,水,,,,,,,,,,,,,,,,土,,,,,,,,,,,,,,,,,,,,,,,月,,,,
港区,池島,2丁目,3番,,,,,,,,,月木,,,,,,,,,,,,,,,,水,,,,,,,,,,,,,,,,土,,,,,,,,,,,,,,,,,,,,,,月,,,,
港区,池島,2丁目,4番,朝潮橋パークマンション,,,,,,,,,月木,,,,,,,,,,,,,水,,,,,,,,,,,,,,,,土,,,,,,,,,,,,,,,,,,月,,,,,,,,,,
港区,池島,2丁目,4番,上記以外,,,,,,,,,月木,,,,,,,,,,,,,水,,,,,,,,,,,,,,,,土,,,,,,,,,,,,,,,,,,,,,,,,月,,,,
港区,池島,2丁目,5番,,,,,,,,,月木,,,,,,,,,,,,,,水,,,,,,,,,,,,,,,,土,,,,,,,,,,,,,,,,,,,,,,,,月,,,,
港区,池島,2丁目,6番,,,,,,,,,月木,,,,,,,,,,,,,,,水,,,,,,,,,,,,,,,,,土,,,,,,,,,,,,,,,,月,,,,,,,,,,
港区,池島,2丁目,7番,,,,,,,,月木,,,,,,,,,,,,,,,,,水,,,,,,,,,,,,,,,,土,,,,,,,,,,,,,,,,月,,,,,,,,,,
港区,池島,2丁目,8番,,,,,,,,月木,,,,,,,,,,,,,,,,,水,,,,,,,,,,,,,,,,土,,,,,,,,,,,,,,,,,,,,,,月,,,,
港区,池島,3丁目,1番,,,,,,,,月木,,,,,,,,,,,,,,,,,水,,,,,,,,,,,,,,,,土,,,,,,,,,,,,,,,,,,,,,,月,,,,
港区,池島,3丁目,3番,,,,,,,,月木,,,,,,,,,,,,,,,,,水,,,,,,,,,,,,,,,,土,,,,,,,,,,,,,,,,,,,,,,月,,,,
港区,池島,3丁目,5番,,,,,,,月木,,,,,,,,,,,,,,,,,,,,,,,水,,,,,,,,,,,,,,,,土,,,,,,,,,,,,,,,,,月,,,,
港区,池島,3丁目,6番,軽四輪車(小さい車)で収集している地域,,,,,,,月木,,,,,,,,,,,,,,,,,水,,,,,,,,,,,,,,,,土,,,,,,,,,,,,,,,,,,,,,,月,,,,
港区,池島,3丁目,6番,上記以外,,,,,,月木,,,,,,,,,,,,,,,,,,水,,,,,,,,,,,,,,,,土,,,,,,,,,,,,,,,,,,,,,,月,,,,
港区,池島,3丁目,7番,,,,,,,,月木,,,,,,,,,,,,,,,,,水,,,,,,,,,,,,,,,,土,,,,,,,,,,,,,,,,,,,,,,月,,,,
港区,池島,3丁目,8番,,,,,,,,,月木,,,,,,,,,,,,,,,,,,,,,,水,,,,,,,,,,,,,,,,,土,,,,,,,,,,,,,,,月,,,,
港区,池島,3丁目,9番,,,,,,,,,月木,,,,,,,,,,,,,,,,,,,,,水,,,,,,,,,,,,,,,,土,,,,,,,,,,,,,,,,,月,,,,
港区,池島,3丁目,10番,,,,,,,,月木,,,,,,,,,,,,,,,,,,,,,,,,,水,,,,,,,,,,,,,,,,土,,,,,,,,,,,,,,月,,,,
港区,池島,3丁目,11番,,,,,,,,月木,,,,,,,,,,,,,,,,,,,,,,水,,,,,,,,,,,,,,,,土,,,,,,,,,,,,,,,,,月,,,,
港区,磯路,1丁目,1番,,,,,,,,,,,,,,,,,火金,,,,,,,,,,,,,月,,,,,,,,,,,,,,,,木,,,,,,,,,,,,,,,,,月,,,,
港区,磯路,1丁目,2番,,,,,,,,,,,,,,,,,火金,,,,,,,,,,,月,,,,,,,,,,,,,,,,木,,,,,,,,,,,,,,,,,,,月,,,,
港区,磯路,1丁目,3番,,,,,,,,,,,,,,,,,火金,,,,,,,,,,,,,,,,,月,,,,,,,,,,,,,,,,,木,,,,,,,,,,,,月,,,,
港区,磯路,1丁目,4番,,,,,,,,,,,,,,,,,火金,,,,,,,,,,,月,,,,,,,,,,,,,,,,木,,,,,,,,,,,,,,,,,,,月,,,,
港区,磯路,1丁目,5番,,,,,,,,,,,,,,,,,火金,,,,,,,,,,,月,,,,,,,,,,,,,,,,木,,,,,,,,,,,,,,,,,,,月,,,,
港区,磯路,1丁目,6番,,,,,,,,,,,,,,,,,火金,,,,,,,,,,,月,,,,,,,,,,,,,,,,木,,,,,,,,,,,,,,,,,,,月,,,,
港区,磯路,1丁目,7番,,,,,,,,,,,,,,,,,火金,,,,,,,,,,,月,,,,,,,,,,,,,,,,木,,,,,,,,,,,,,,,,,,,月,,,,
港区,磯路,1丁目,8番,,,,,,,,,,,,,,,,,火金,,,,,,,,,,,月,,,,,,,,,,,,,,,,木,,,,,,,,,,,,,,,,,,,月,,,,
港区,磯路,1丁目,9番,,,,,,,,,,,,,,,,,火金,,,,,,,,,,,月,,,,,,,,,,,,,,,,木,,,,,,,,,,,,,,,,,,,月,,,,
港区,磯路,2丁目,1番,,,,,,,,,,,,,,,,,火金,,,,,,,,,,,,,月,,,,,,,,,,,,,,,木,,,,,,,,,,,,,,,,,,月,,,,
港区,磯路,2丁目,2番,,,,,,,,,,,,,,,,,火金,,,,,,,,,,,,,,月,,,,,,,,,,,,,,,,木,,,,,,,,,,,,,,,,月,,,,
港区,磯路,2丁目,3番,,,,,,,,,,,,,,,,,火金,,,,,,,,,月,,,,,,,,,,,,,,,,,,木,,,,,,,,,,,,,,,,,,,月,,,,
港区,磯路,2丁目,4番,,,,,,,,,,,,,,,,,火金,,,,,,,,,,,,,月,,,,,,,,,,,,,,木,,,,,,,,,,,,,,,,,,,月,,,,
港区,磯路,2丁目,5番,,,,,,,,,,,,,,,,,火金,,,,,,,,,,,,,月,,,,,,,,,,,,,,,,木,,,,,,,,,,,,,,,,,月,,,,
港区,磯路,2丁目,6番,,,,,,,,,,,,,,,,,火金,,,,,,,,,,,,,月,,,,,,,,,,,,,,,,木,,,,,,,,,,,,,,,,,月,,,,
港区,磯路,2丁目,7番,軽四輪車(小さい車)で収集している地域,,,,,,,,,,火金,,,,,,,,,,,,,,,,,,,月,,,,,,,,,,,,,,,,木,,,,,,,,,,,,,,,,,月,,,,
港区,磯路,2丁目,7番,上記以外,,,,,,,,,,,,,,,,火金,,,,,,,,,,,,,月,,,,,,,,,,,,,,,,木,,,,,,,,,,,,,,,,,月,,,,
港区,磯路,2丁目,8番,軽四輪車(小さい車)で収集している地域,,,,,,,,,,火金,,,,,,,,,,,,,,,,,,,月,,,,,,,,,,,,,,,,木,,,,,,,,,,,,,,,,,月,,,,
港区,磯路,2丁目,8番,上記以外,,,,,,,,,,,,,,,,火金,,,,,,,,,,,,,月,,,,,,,,,,,,,,,,木,,,,,,,,,,,,,,,,,月,,,,
港区,磯路,2丁目,9番,軽四輪車(小さい車)で収集している地域,,,,,,,,,,火金,,,,,,,,,,,,,,,,,,,月,,,,,,,,,,,,,,,,木,,,,,,,,,,,,,,,,,月,,,,
港区,磯路,2丁目,9番,上記以外,,,,,,,,,,,,,,,,火金,,,,,,,,,,,,,月,,,,,,,,,,,,,,,,木,,,,,,,,,,,,,,,,,月,,,,
港区,磯路,2丁目,10番,軽四輪車(小さい車)で収集している地域,,,,,,,,,,火金,,,,,,,,,,,,,,,,,,,月,,,,,,,,,,,,,,,,木,,,,,,,,,,,,,,,,,月,,,,
港区,磯路,2丁目,10番,上記以外,,,,,,,,,,,,,,,,火金,,,,,,,,,,,,,月,,,,,,,,,,,,,,,,木,,,,,,,,,,,,,,,,,月,,,,
港区,磯路,2丁目,11番,軽四輪車(小さい車)で収集している地域,,,,,,,,,,,,,,,,火金,,,,,,,月,,,,,,,,,,,,,,,,,木,,,,,,,,,,,,,,,,,,,,,,月,,,,
港区,磯路,2丁目,11番,上記以外,,,,,,,,,,,,,,,,火金,,,,,,,,,,,,,月,,,,,,,,,,,,,,,,木,,,,,,,,,,,,,,,,,月,,,,
港区,磯路,2丁目,12番,,,,,,,,,,,,,,,,,火金,,,,,,,,,,,,,月,,,,,,,,,,,,,,,,木,,,,,,,,,,,,,,,,,月,,,,
港区,磯路,2丁目,13番,,,,,,,,,,,,,,,,,火金,,,,,,,,,,,,,月,,,,,,,,,,,,,,,,木,,,,,,,,,,,,,,,,,月,,,,
港区,磯路,2丁目,14番,軽四輪車(小さい車)で収集している地域,,,,,,,,,,,,,,,,火金,,,,,,,月,,,,,,,,,,,,,,,,木,,,,,,,,,,,,,,,,,,,,,,,月,,,,
港区,磯路,2丁目,14番,上記以外,,,,,,,,,,,,,,,,火金,,,,,,,,,,,,,月,,,,,,,,,,,,,,,,木,,,,,,,,,,,,,,,,,月,,,,
港区,磯路,2丁目,15番,軽四輪車(小さい車)で収集している地域,,,,,,,,,,,,,,,,火金,,,,,,,月,,,,,,,,,,,,,,,,木,,,,,,,,,,,,,,,,,,,,,,,月,,,,
港区,磯路,2丁目,15番,上記以外,,,,,,,,,,,,,,,,火金,,,,,,,,,,,,,月,,,,,,,,,,,,,,,,木,,,,,,,,,,,,,,,,,月,,,,
港区,磯路,2丁目,16番,,,,,,,,,,,,,,,,,火金,,,,,,,,,,,,,月,,,,,,,,,,,,,,,,木,,,,,,,,,,,,,,,,,月,,,,
港区,磯路,2丁目,17番,,,,,,,,,,,,,,,,,火金,,,,,,,,,,,,,月,,,,,,,,,,,,,,,,木,,,,,,,,,,,,,,,,,月,,,,
港区,磯路,2丁目,18番,,,,,,,,,,,,,,,,,火金,,,,,,,,,,月,,,,,,,,,,,,,,,,木,,,,,,,,,,,,,,,,,,,,月,,,,
港区,磯路,2丁目,19番,,,,,,,,,,,,,,,,,火金,,,,,,,,,月,,,,,,,,,,,,,,,,,木,,,,,,,,,,,,,,,,,,,,月,,,,
港区,磯路,2丁目,20番,,,,,,,,,,,,,,,,,火金,,,,,,,,,,月,,,,,,,,,,,,,,,,木,,,,,,,,,,,,,,,,,,,,月,,,,
港区,磯路,2丁目,21番,軽四輪車(小さい車)で収集している地域,,,,,,,,,,,,,,,,火金,,,,,,月,,,,,,,,,,,,,,,,木,,,,,,,,,,,,,,,,,,,,,,,,月,,,,
港区,磯路,2丁目,21番,上記以外,,,,,,,,,,,,,,,,火金,,,,,,,,,,,,,,,月,,,,,,,,,,,,,,,,木,,,,,,,,,,,,,,,月,,,,
港区,磯路,2丁目,22番,,,,,,,,,,,,,,,,,火金,,,,,,,,,,,,,,月,,,,,,,,,,,,,,,,,木,,,,,,,,,,,,,,,月,,,,
港区,磯路,2丁目,23番,,,,,,,,,,,,,,,,,火金,,,,,,,,,,,,,,月,,,,,,,,,,,,,,,,,木,,,,,,,,,,,,,,,月,,,,
港区,磯路,3丁目,1番,軽四輪車(小さい車)で収集している地域,,,,,,,,,,火金,,,,,,,,,,,,,月,,,,,,,,,,,,,,,,木,,,,,,,,,,,,,,,,,,,,,,,月,,,,
港区,磯路,3丁目,1番,上記以外,,,,,,,,,,,,,,,,火金,,,,,,,,,,,,,月,,,,,,,,,,,,,,,,木,,,,,,,,,,,,,,,,,月,,,,
港区,磯路,3丁目,2番,軽四輪車(小さい車)で収集している地域,,,,,,,,,,火金,,,,,,,,,,,,,月,,,,,,,,,,,,,,,,木,,,,,,,,,,,,,,,,,,,,,,,月,,,,
港区,磯路,3丁目,2番,上記以外,,,,,,,,,,,,,,,,火金,,,,,,,,,,,,,月,,,,,,,,,,,,,,,,木,,,,,,,,,,,,,,,,,月,,,,
港区,磯路,3丁目,3番,軽四輪車(小さい車)で収集している地域,,,,,,,,,,火金,,,,,,,,,,,,,月,,,,,,,,,,,,,,,,木,,,,,,,,,,,,,,,,,,,,,,,月,,,,
港区,磯路,3丁目,3番,上記以外,,,,,,,,,,,,,,,,火金,,,,,,,,,,,,,月,,,,,,,,,,,,,,,,木,,,,,,,,,,,,,,,,,月,,,,
港区,磯路,3丁目,4番,,,,,,,,,,,,,,,,,火金,,,,,,,,,,,,,月,,,,,,,,,,,,,,,,木,,,,,,,,,,,,,,,,,月,,,,
港区,磯路,3丁目,5番,,,,,,,,,,,,,,,,,火金,,,,,,,,,,,,,月,,,,,,,,,,,,,,,,木,,,,,,,,,,,,,,,,,月,,,,
港区,磯路,3丁目,6番,,,,,,,,,,,,,,,,,火金,,,,,,,,,,,,,月,,,,,,,,,,,,,,,,木,,,,,,,,,,,,,,,,,月,,,,
港区,磯路,3丁目,7番,,,,,,,,,,,,,,,,,火金,,,,,,,,,,,,,月,,,,,,,,,,,,,,,,,木,,,,,,,,,,,,,,,,月,,,,
港区,磯路,3丁目,8番,,,,,,,,,,,,,,,,,火金,,,,,,,,,,,,,,月,,,,,,,,,,,,,,,,木,,,,,,,,,,,,,,,,月,,,,
港区,磯路,3丁目,9番,,,,,,,,,,,,,,,,,火金,,,,,,,,,,,,,,,月,,,,,,,,,,,,,,,,木,,,,,,,,,,,,,,,月,,,,
港区,磯路,3丁目,10番,,,,,,,,,,,,,,,,,火金,,,,,,,,,,,,,,月,,,,,,,,,,,,,,,,,木,,,,,,,,,,,,,,,月,,,,
港区,磯路,3丁目,11番,,,,,,,,,,,,,,,,,火金,,,,,,,,,,,,,,,月,,,,,,,,,,,,,,,,木,,,,,,,,,,,,,,,月,,,,
港区,磯路,3丁目,12番,,,,,,,,,,,,,,,,,火金,,,,,,,,,,,,,,,月,,,,,,,,,,,,,,,,木,,,,,,,,,,,,,,,月,,,,
港区,磯路,3丁目,13番,,,,,,,,,,,,,,,,,火金,,,,,,,,,,,,,,,月,,,,,,,,,,,,,,,,木,,,,,,,,,,,,,,,月,,,,
港区,磯路,3丁目,14番,,,,,,,,,,,,,,,,,火金,,,,,,,,,,,,,,,月,,,,,,,,,,,,,,,,木,,,,,,,,,,,,,,,月,,,,
港区,磯路,3丁目,15番,軽四輪車(小さい車)で収集している地域,,,,,,,,,,火金,,,,,,,,,,,,,月,,,,,,,,,,,,,,,,木,,,,,,,,,,,,,,,,,,,,,,,月,,,,
港区,磯路,3丁目,15番,上記以外,,,,,,,,,,,,,,,,火金,,,,,,,,,,,,,,月,,,,,,,,,,,,,,,,,木,,,,,,,,,,,,,,,月,,,,
港区,磯路,3丁目,16番,軽四輪車(小さい車)で収集している地域,,,,,,,,火金,,,,,,,,,,,,,,,月,,,,,,,,,,,,,,,,木,,,,,,,,,,,,,,,,,,,,,,,月,,,,
港区,磯路,3丁目,16番,上記以外,,,,,,,,,,,,,,,,火金,,,,,,,,,,,,,,,月,,,,,,,,,,,,,,,,木,,,,,,,,,,,,,,,月,,,,
港区,磯路,3丁目,17番,,,,,,,,,,,,,,,,,火金,,,,,,,,,,,,,,,月,,,,,,,,,,,,,,,,木,,,,,,,,,,,,,,,月,,,,
港区,磯路,3丁目,18番,,,,,,,,,,,,,,,,,火金,,,,,,,,,,,,,,,月,,,,,,,,,,,,,,,,木,,,,,,,,,,,,,,,月,,,,
港区,磯路,3丁目,19番,,,,,,,,,,,,,,,,,火金,,,,,,,,,,,,,,,月,,,,,,,,,,,,,,,,木,,,,,,,,,,,,,,,月,,,,
港区,磯路,3丁目,20番,,,,,,,,,,,,,,,,,火金,,,,,,,,,,,,,,,月,,,,,,,,,,,,,,,,木,,,,,,,,,,,,,,,月,,,,
港区,磯路,3丁目,21番,,,,,,,,,,,,,,,,,火金,,,,,,,,,,,,,,月,,,,,,,,,,,,,,,,,木,,,,,,,,,,,,,,,月,,,,
港区,磯路,3丁目,22番,,,,,,,,,,,,,,,,,火金,,,,,,,,,,,,,,,月,,,,,,,,,,,,,,,,木,,,,,,,,,,,,,,,月,,,,
港区,磯路,3丁目,23番,,,,,,,,,,,,,,,,,火金,,,,,,,,,,,,,,月,,,,,,,,,,,,,,,,,木,,,,,,,,,,,,,,,月,,,,
港区,磯路,3丁目,24番,,,,,,,,,,,,,,,,,火金,,,,,,,,,,,,,,月,,,,,,,,,,,,,,,,,木,,,,,,,,,,,,,,,月,,,,
港区,磯路,3丁目,25番,,,,,,,,,,,,,,,,,火金,,,,,,,,,,,,,,,月,,,,,,,,,,,,,,,,木,,,,,,,,,,,,,,,月,,,,
港区,磯路,3丁目,26番,軽四輪車(小さい車)で収集している地域,,,,,,,,,,,,,,,,火金,,,,,,,月,,,,,,,,,,,,,,,,木,,,,,,,,,,,,,,,,,,,,,,,月,,,,
港区,磯路,3丁目,26番,上記以外,,,,,,,,,,,,,,,,火金,,,,,,,,,,,,,,,月,,,,,,,,,,,,,,,,木,,,,,,,,,,,,,,,月,,,,
港区,磯路,3丁目,27番,軽四輪車(小さい車)で収集している地域,,,,,,,,,,,,,,,,火金,,,,,,,月,,,,,,,,,,,,,,,,木,,,,,,,,,,,,,,,,,,,,,,,月,,,,
港区,磯路,3丁目,27番,上記以外,,,,,,,,,,,,,,,,火金,,,,,,,,,,,,,,,月,,,,,,,,,,,,,,,,,木,,,,,,,,,,,,,,月,,,,
港区,市岡,1丁目,1番,軽四輪車(小さい車)で収集している地域,,,,,,,,,,,,,,,,月木,,,,,,火,,,,,,,,,,,,,,,,金,,,,,,,,,,,,,,,,,,,,,,,,月,,,,
港区,市岡,1丁目,1番,上記以外,,,,,,,,,,,,,,,,月木,,,,,,火,,,,,,,,,,,,,,,,金,,,,,,,,,,,,,,,,,,,,,,,,月,,,,
港区,市岡,1丁目,2番,軽四輪車(小さい車)で収集している地域,,,,,,,,,,,,,,,,月木,,,,,,火,,,,,,,,,,,,,,,,金,,,,,,,,,,,,,,,,,,,,,,,,月,,,,
港区,市岡,1丁目,2番,上記以外,,,,,,,,,,,,,,,,月木,,,,,,火,,,,,,,,,,,,,,,,金,,,,,,,,,,,,,,,,,,,,,,,,月,,,,
港区,市岡,1丁目,3番,,,,,,,,,,,,,,,,,月木,,,,,,火,,,,,,,,,,,,,,,,金,,,,,,,,,,,,,,,,,,,,,,,,月,,,,
港区,市岡,1丁目,4番,軽四輪車(小さい車)で収集している地域,,,,,,,,,,,,,,,,月木,,,,,,火,,,,,,,,,,,,,,,,金,,,,,,,,,,,,,,,,,,,,,,,,月,,,,
港区,市岡,1丁目,4番,上記以外,,,,,,,,,,,,,,,,月木,,,,,,火,,,,,,,,,,,,,,,,金,,,,,,,,,,,,,,,,,,,,,,,,月,,,,
港区,市岡,1丁目,5番,,,,,,,,,,,,,,,,,月木,,,,,,火,,,,,,,,,,,,,,,,金,,,,,,,,,,,,,,,,,,,,,,,,月,,,,
港区,市岡,1丁目,6番,,,,,,,,,,,,,,,,,月木,,,,,,火,,,,,,,,,,,,,,,,金,,,,,,,,,,,,,,,,,,,,,,,,月,,,,
港区,市岡,1丁目,7番,,,,,,,,,,,,,,,,,月木,,,,,,火,,,,,,,,,,,,,,,,金,,,,,,,,,,,,,,,,,,,,,,,,月,,,,
港区,市岡,1丁目,8番,,,,,,,,,,,,,,,,,月木,,,,,,火,,,,,,,,,,,,,,,,金,,,,,,,,,,,,,,,,,,,,,,,,月,,,,
港区,市岡,1丁目,9番,,,,,,,,,,,,,,,,,月木,,,,,,,火,,,,,,,,,,,,,,,,金,,,,,,,,,,,,,,,,,,,,,,,月,,,,
港区,市岡,1丁目,10番,,,,,,,,,,,,,,,,,月木,,,,,,,火,,,,,,,,,,,,,,,,,金,,,,,,,,,,,,,,,,,,,,,,月,,,,
港区,市岡,1丁目,11番,軽四輪車(小さい車)で収集している地域,,,,,,,,,,,,,,,,月木,,,,,,,火,,,,,,,,,,,,,,,,金,,,,,,,,,,,,,,,,,,,,,,,月,,,,
港区,市岡,1丁目,11番,上記以外,,,,,,,,,,,,,,,,月木,,,,,,火,,,,,,,,,,,,,,,,金,,,,,,,,,,,,,,,,,,,,,,,,月,,,,
港区,市岡,1丁目,12番,軽四輪車(小さい車)で収集している地域,,,,,,,,,,,,,,,,月木,,,,,,,火,,,,,,,,,,,,,,,,金,,,,,,,,,,,,,,,,,,,,,,,月,,,,
港区,市岡,1丁目,12番,上記以外,,,,,,,,,,,,,,,,月木,,,,,,,,火,,,,,,,,,,,,,,,,金,,,,,,,,,,,,,,,,,,,,,,月,,,,
港区,市岡,1丁目,13番,軽四輪車(小さい車)で収集している地域,,,,,,,,,,,,,,,,月木,,,,,,,火,,,,,,,,,,,,,,,,,金,,,,,,,,,,,,,,,,,,,,,,月,,,,
港区,市岡,1丁目,13番,上記以外,,,,,,,,,,,,,,,,月木,,,,,,火,,,,,,,,,,,,,,,,金,,,,,,,,,,,,,,,,,,,,,,,,月,,,,
港区,市岡,1丁目,14番,軽四輪車(小さい車)で収集している地域,,,,,,,,,,,,,,,,月木,,,,,,,火,,,,,,,,,,,,,,,,,金,,,,,,,,,,,,,,,,,,,,,,月,,,,
港区,市岡,1丁目,14番,上記以外,,,,,,,,,,,,,,,,月木,,,,,,,,火,,,,,,,,,,,,,,,,,金,,,,,,,,,,,,,,,,,,,,,月,,,,
港区,市岡,1丁目,15番,,,,,,,,,,,,,,,,,月木,,,,,,,,火,,,,,,,,,,,,,,,,金,,,,,,,,,,,,,,,,,,,,,,月,,,,
港区,市岡,1丁目,16番,,,,,,,,,,,,,,,,,月木,,,,,,,火,,,,,,,,,,,,,,,,,金,,,,,,,,,,,,,,,,,,,,,,月,,,,
港区,市岡,1丁目,17番,,,,,,,,,,,,,,,,,月木,,,,,,,,火,,,,,,,,,,,,,,,,金,,,,,,,,,,,,,,,,,,,,,,月,,,,
港区,市岡,1丁目,18番,,,,,,,,,,,,,,,,,月木,,,,,,,火,,,,,,,,,,,,,,,,,金,,,,,,,,,,,,,,,,,,,,,,月,,,,
港区,市岡,1丁目,19番,,,,,,,,,,,,,,,,,月木,,,,,,,,火,,,,,,,,,,,,,,,,金,,,,,,,,,,,,,,,,,,,,,,月,,,,
港区,市岡,1丁目,20番,,,,,,,,,,,,,,,,,月木,,,,,,火,,,,,,,,,,,,,,,,,金,,,,,,,,,,,,,,,,,,,,,,,月,,,,
港区,市岡,1丁目,21番,,,,,,,,,,,,,,,,,月木,,,,,,,火,,,,,,,,,,,,,,,,金,,,,,,,,,,,,,,,,,,,,,,,月,,,,
港区,市岡,1丁目,22番,,,,,,,,,,,,,,,,,月木,,,,,,,火,,,,,,,,,,,,,,,,金,,,,,,,,,,,,,,,,,,,,,,,月,,,,
港区,市岡,1丁目,23番,,,,,,,,,,,,,,,,,月木,,,,,,,火,,,,,,,,,,,,,,,,,金,,,,,,,,,,,,,,,,,,,,,,月,,,,
港区,市岡,1丁目,24番,,,,,,,,,,,,,,,,,月木,,,,,,,火,,,,,,,,,,,,,,,,,金,,,,,,,,,,,,,,,,,,,,,,月,,,,
港区,市岡,1丁目,25番,,,,,,,,,,,,,,,,,月木,,,,,,,火,,,,,,,,,,,,,,,,金,,,,,,,,,,,,,,,,,,,,,,,月,,,,
港区,市岡,1丁目,26番,,,,,,,,,,,,,,,,,月木,,,,,,,火,,,,,,,,,,,,,,,,金,,,,,,,,,,,,,,,,,,,,,,,月,,,,
港区,市岡,1丁目,27番,,,,,,,,,,,,,,,,,月木,,,,,,,火,,,,,,,,,,,,,,,,,金,,,,,,,,,,,,,,,,,,,,,,月,,,,
港区,市岡,1丁目,28番,,,,,,,,,,,,,,,,,月木,,,,,,,火,,,,,,,,,,,,,,,,,金,,,,,,,,,,,,,,,,,,,,,,月,,,,
港区,市岡,2丁目,1番,,,,,,,,,,,,,,,,,月木,,,,,,,火,,,,,,,,,,,,,,,,,金,,,,,,,,,,,,,,,,,,,,,,月,,,,
港区,市岡,2丁目,2番,,,,,,,,,,,,,,,,,月木,,,,,,,火,,,,,,,,,,,,,,,,,金,,,,,,,,,,,,,,,,,,,,,,月,,,,
港区,市岡,2丁目,3番,,,,,,,,,,,,,,,,,月木,,,,,,,火,,,,,,,,,,,,,,,,,金,,,,,,,,,,,,,,,,,,,,,,月,,,,
港区,市岡,2丁目,4番,,,,,,,,,,,,,,,,,月木,,,,,,,火,,,,,,,,,,,,,,,,,金,,,,,,,,,,,,,,,,,,,,,,月,,,,
港区,市岡,2丁目,5番,,,,,,,,,,,,,,,,,月木,,,,,,,火,,,,,,,,,,,,,,,,,金,,,,,,,,,,,,,,,,,,,,,,月,,,,
港区,市岡,2丁目,6番,,,,,,,,,,,,,,,,,月木,,,,,,,,火,,,,,,,,,,,,,,,,金,,,,,,,,,,,,,,,,,,,,,,月,,,,
港区,市岡,2丁目,7番,,,,,,,,,,,,,,,,,月木,,,,,,,,火,,,,,,,,,,,,,,,,金,,,,,,,,,,,,,,,,,,,,,,月,,,,
港区,市岡,2丁目,8番,,,,,,,,,,,,,,,,,月木,,,,,,,,火,,,,,,,,,,,,,,,,金,,,,,,,,,,,,,,,,,,,,,,月,,,,
港区,市岡,2丁目,9番,,,,,,,,,,,,,,,,,月木,,,,,,,,火,,,,,,,,,,,,,,,,金,,,,,,,,,,,,,,,,,,,,,,月,,,,
港区,市岡,2丁目,10番,軽四輪車(小さい車)で収集している地域,,,,,,,,,,,,,,,,月木,,,,,,,,火,,,,,,,,,,,,,,,,金,,,,,,,,,,,,,,,,,,,,,,月,,,,
港区,市岡,2丁目,10番,上記以外,,,,,,,,,,,,,,,,月木,,,,,,,,火,,,,,,,,,,,,,,,,金,,,,,,,,,,,,,,,,,,,,,,月,,,,
港区,市岡,2丁目,11番,軽四輪車(小さい車)で収集している地域,,,,,,,,,,,,,,,,月木,,,,,,,,,火,,,,,,,,,,,,,,,,,金,,,,,,,,,,,,,,,,,,,,月,,,,
港区,市岡,2丁目,11番,上記以外,,,,,,,,,,,,,,,,月木,,,,,,,,,,,,,,,火,,,,,,,,,,,,,,,,金,,,,,,,,,,,,,,,月,,,,
港区,市岡,2丁目,12番,14号,,,,,,,,,,,,,,,,月木,,,,,,,,,,,,,,火,,,,,,,,,,,,,,,,,金,,,,,,,,,,,,,,,,,,,
港区,市岡,2丁目,12番,上記以外,,,,,,,,,,,,,,,,月木,,,,,,,,,,,,,,火,,,,,,,,,,,,,,,,,金,,,,,,,,,,,,,,,月,,,,
港区,市岡,2丁目,13番,軽四輪車(小さい車)で収集している地域,,,,,,,,,,,,,,,,月木,,,,,,,,火,,,,,,,,,,,,,,,,金,,,,,,,,,,,,,,,,,,,,,,月,,,,
港区,市岡,2丁目,13番,上記以外,,,,,,,,,,,,,,,,月木,,,,,,,,火,,,,,,,,,,,,,,,,金,,,,,,,,,,,,,,,,,,,,,,月,,,,
港区,市岡,2丁目,14番,,,,,,,,,,,,,,,,,月木,,,,,,,,火,,,,,,,,,,,,,,,,金,,,,,,,,,,,,,,,,,,,,,,月,,,,
港区,市岡,2丁目,15番,,,,,,,,,,,,,,,,,月木,,,,,,,,火,,,,,,,,,,,,,,,,金,,,,,,,,,,,,,,,,,,,,,,,,,,
港区,市岡,3丁目,1番,,,,,,,,,,,,,,,,,月木,,,,,,火,,,,,,,,,,,,,,,,,金,,,,,,,,,,,,,,,,,,,,,,,月,,,,
港区,市岡,3丁目,2番,,,,,,,,,,,,,,,,,月木,,,,,,火,,,,,,,,,,,,,,,,金,,,,,,,,,,,,,,,,,,,,,,,,月,,,,
港区,市岡,3丁目,3番,,,,,,,,,,,,,,,,,月木,,,,,,火,,,,,,,,,,,,,,,,金,,,,,,,,,,,,,,,,,,,,,,,,月,,,,
港区,市岡,3丁目,4番,,,,,,,,,,,,,,,,,月木,,,,,,火,,,,,,,,,,,,,,,,金,,,,,,,,,,,,,,,,,,,,,,,,月,,,,
港区,市岡,3丁目,5番,,,,,,,,,,,,,,,,,月木,,,,,,火,,,,,,,,,,,,,,,,金,,,,,,,,,,,,,,,,,,,,,,,,月,,,,
港区,市岡,3丁目,6番,,,,,,,,,,,,,,,,,月木,,,,,,火,,,,,,,,,,,,,,,,金,,,,,,,,,,,,,,,,,,,,,,,,月,,,,
港区,市岡,3丁目,7番,軽四輪車(小さい車)で収集している地域,,,,,,,,,,,,,,,,月木,,,,,,火,,,,,,,,,,,,,,,,金,,,,,,,,,,,,,,,,,,,,,,,,月,,,,
港区,市岡,3丁目,7番,上記以外,,,,,,,,,,,,,,,,月木,,,,,,,火,,,,,,,,,,,,,,,,金,,,,,,,,,,,,,,,,,,,,,,,月,,,,
港区,市岡,3丁目,8番,軽四輪車(小さい車)で収集している地域,,,,,,,,,,,,,,,,月木,,,,,,火,,,,,,,,,,,,,,,,金,,,,,,,,,,,,,,,,,,,,,,,,月,,,,
港区,市岡,3丁目,8番,上記以外,,,,,,,,,,,,,,,,月木,,,,,,火,,,,,,,,,,,,,,,,,金,,,,,,,,,,,,,,,,,,,,,,,月,,,,
港区,市岡,3丁目,9番,,,,,,,,,,,,,,,,,月木,,,,,,火,,,,,,,,,,,,,,,,金,,,,,,,,,,,,,,,,,,,,,,,,月,,,,
港区,市岡,3丁目,10番,,,,,,,,,,,,,,,,,月木,,,,,,火,,,,,,,,,,,,,,,,金,,,,,,,,,,,,,,,,,,,,,,,,月,,,,
港区,市岡,3丁目,11番,,,,,,,,,,,,,,,,,月木,,,,,,火,,,,,,,,,,,,,,,,金,,,,,,,,,,,,,,,,,,,,,,,,月,,,,
港区,市岡,3丁目,12番,,,,,,,,,,,,,,,,,月木,,,,,,火,,,,,,,,,,,,,,,,金,,,,,,,,,,,,,,,,,,,,,,,,月,,,,
港区,市岡,3丁目,13番,,,,,,,,,,,,,,,,,月木,,,,,,火,,,,,,,,,,,,,,,,金,,,,,,,,,,,,,,,,,,,,,,,,月,,,,
港区,市岡,3丁目,14番,,,,,,,,,,,,,,,,,月木,,,,,,火,,,,,,,,,,,,,,,,金,,,,,,,,,,,,,,,,,,,,,,,,月,,,,
港区,市岡,3丁目,15番,,,,,,,,,,,,,,,,,月木,,,,,,火,,,,,,,,,,,,,,,,金,,,,,,,,,,,,,,,,,,,,,,,,月,,,,
港区,市岡,3丁目,16番,,,,,,,,,,,,,,,,,月木,,,,,,,火,,,,,,,,,,,,,,,,金,,,,,,,,,,,,,,,,,,,,,,,月,,,,
港区,市岡,3丁目,17番,軽四輪車(小さい車)で収集している地域,,,,,,,,,,,,,,,,月木,,,,,,,火,,,,,,,,,,,,,,,,金,,,,,,,,,,,,,,,,,,,,,,,月,,,,
港区,市岡,3丁目,17番,上記以外,,,,,,,,,,,,,,,,月木,,,,,,火,,,,,,,,,,,,,,,,,金,,,,,,,,,,,,,,,,,,,,,,,月,,,,
港区,市岡,3丁目,18番,軽四輪車(小さい車)で収集している地域,,,,,,,,,,,,,,,,月木,,,,,,火,,,,,,,,,,,,,,,,,金,,,,,,,,,,,,,,,,,,,,,,,月,,,,
港区,市岡,3丁目,18番,上記以外,,,,,,,,,,,,,,,,月木,,,,,,,火,,,,,,,,,,,,,,,,金,,,,,,,,,,,,,,,,,,,,,,,月,,,,
港区,市岡,3丁目,19番,軽四輪車(小さい車)で収集している地域,,,,,,,,,,,,,,,,月木,,,,,,火,,,,,,,,,,,,,,,,,金,,,,,,,,,,,,,,,,,,,,,,,月,,,,
港区,市岡,3丁目,19番,上記以外,,,,,,,,,,,,,,,,月木,,,,,,,火,,,,,,,,,,,,,,,,金,,,,,,,,,,,,,,,,,,,,,,,月,,,,
港区,市岡,4丁目,1番,,,,,,,,,,,,,,,,,月木,,,,,,火,,,,,,,,,,,,,,,,,金,,,,,,,,,,,,,,,,,,,,,,,月,,,,
港区,市岡,4丁目,2番,,,,,,,,,,,,,,,,,月木,,,,,,,火,,,,,,,,,,,,,,,,金,,,,,,,,,,,,,,,,,,,,,,,月,,,,
港区,市岡,4丁目,3番,,,,,,,,,,,,,,,,,月木,,,,,,,火,,,,,,,,,,,,,,,,金,,,,,,,,,,,,,,,,,,,,,,,月,,,,
港区,市岡,4丁目,4番,,,,,,,,,,,,,,,,,月木,,,,,,火,,,,,,,,,,,,,,,,,金,,,,,,,,,,,,,,,,,,,,,,,月,,,,
港区,市岡,4丁目,5番,,,,,,,,,,,,,,,,,月木,,,,,,,火,,,,,,,,,,,,,,,,金,,,,,,,,,,,,,,,,,,,,,,,月,,,,
港区,市岡,4丁目,6番,,,,,,,,,,,,,,,,,月木,,,,,,,火,,,,,,,,,,,,,,,,金,,,,,,,,,,,,,,,,,,,,,,,月,,,,
港区,市岡元町,1丁目,1番,,,,,,,水土,,,,,,,,,,,,,,,,,,,,,,,,,,,火,,,,,,,,,,,,,,,,金,,,,,,,,,,,,,,,,,
港区,市岡元町,1丁目,2番,,,,,,,水土,,,,,,,,,,,,,,,,,,,,,,,,,,,火,,,,,,,,,,,,,,,,金,,,,,,,,,,,,,,,,,
港区,市岡元町,1丁目,3番,,,,,,,水土,,,,,,,,,,,,,,,,,,,,,,,,,,,火,,,,,,,,,,,,,,,,金,,,,,,,,,,,,,,,,,
港区,市岡元町,1丁目,4番,グランアッシュ弁天,,,,,,,水土,,,,,,,,,,,,,,,,火,,,,,,,,,,,,,,,,金,,,,,,,,,,,,,,,,,,,,,,,,,,,
港区,市岡元町,1丁目,4番,軽四輪車(小さい車)で収集している地域,,,,,,水土,,,,,,,,,,,,,,,,,,,,,,,,,,,火,,,,,,,,,,,,,,,,金,,,,,,,,,,,,,,,,,
港区,市岡元町,1丁目,4番,上記以外,,,,,,水土,,,,,,,,,,,,,,,,,,,,,,,,,,,火,,,,,,,,,,,,,,,,金,,,,,,,,,,,,,,,,,
港区,市岡元町,1丁目,5番,,,,,,,水土,,,,,,,,,,,,,,,,,,,,,,,,,,,火,,,,,,,,,,,,,,,,金,,,,,,,,,,,,,,,,,
港区,市岡元町,1丁目,6番,,,,,,,水土,,,,,,,,,,,,,,,,火,,,,,,,,,,,,,,,,金,,,,,,,,,,,,,,,,,,,,,,,,,,,,
港区,市岡元町,1丁目,7番,,,,,,,,水土,,,,,,,,,,,,,,,火,,,,,,,,,,,,,,,,金,,,,,,,,,,,,,,,,,,,,,,,,,,,,
港区,市岡元町,1丁目,8番,軽四輪車(小さい車)で収集している地域,,,,,,,水土,,,,,,,,,,,,,,,,,火,,,,,,,,,,,,,,,,,,,,,,,,金,,,,,,,,,,,,,,,,,,
港区,市岡元町,1丁目,8番,上記以外,,,,,,,水土,,,,,,,,,,,,,,,,火,,,,,,,,,,,,,,,,,金,,,,,,,,,,,,,,,,,,,,,,,,,,
港区,市岡元町,1丁目,9番,,,,,,,,水土,,,,,,,,,,,,,,,,,,,,,,火,,,,,,,,,,,,,,,,金,,,,,,,,,,,,,,,,,,,,,
港区,市岡元町,1丁目,10番,,,,,,,,水土,,,,,,,,,,,,,,,,,,,,,,,,,,火,,,,,,,,,,,,,,,金,,,,,,,,,,,,,,,,,,
港区,市岡元町,2丁目,1番,,,,,,,,水土,,,,,,,,,,,,,,,火,,,,,,,,,,,,,,,,,金,,,,,,,,,,,,,,,,,,,,,,,,,,,
港区,市岡元町,2丁目,2番,,,,,,,,水土,,,,,,,,,,,,,,,,火,,,,,,,,,,,,,,,,金,,,,,,,,,,,,,,,,,,,,,,,,,,,
港区,市岡元町,2丁目,3番,,,,,,,,,水土,,,,,,,,,,,,,,,火,,,,,,,,,,,,,,,,,金,,,,,,,,,,,,,,,,,,,,,,,,,,
港区,市岡元町,2丁目,4番,,,,,,,,水土,,,,,,,,,,,,,,,,,,,,,,火,,,,,,,,,,,,,,,,金,,,,,,,,,,,,,,,,,,,,,
港区,市岡元町,2丁目,5番,,,,,,,,,水土,,,,,,,,,,,,,,,,,,,,,火,,,,,,,,,,,,,,,,金,,,,,,,,,,,,,,,,,,,,,
港区,市岡元町,2丁目,6番,,,,,,,,,水土,,,,,,,,,,,,,,,,,,,,,火,,,,,,,,,,,,,,,,金,,,,,,,,,,,,,,,,,,,,,
港区,市岡元町,2丁目,7番,,,,,,,,,,水土,,,,,,,,,,,,,,,,,,,,火,,,,,,,,,,,,,,,,金,,,,,,,,,,,,,,,,,,,,,
港区,市岡元町,2丁目,8番,,,,,,,,,,水土,,,,,,,,,,,,,,,,,,,,火,,,,,,,,,,,,,,,,金,,,,,,,,,,,,,,,,,,,,,
港区,市岡元町,2丁目,9番,,,,,,,,水土,,,,,,,,,,,,,,,,,,,,,,火,,,,,,,,,,,,,,,,金,,,,,,,,,,,,,,,,,,,,,
港区,市岡元町,2丁目,10番,,,,,,,,,水土,,,,,,,,,,,,,,,,,,,,,,,,火,,,,,,,,,,,,,,,,金,,,,,,,,,,,,,,,,,,
港区,市岡元町,2丁目,11番,,,,,,,,水土,,,,,,,,,,,,,,,,,,,,,,,,,火,,,,,,,,,,,,,,,,金,,,,,,,,,,,,,,,,,,
港区,市岡元町,2丁目,12番,,,,,,,,,,水土,,,,,,,,,,,,,,,,,,,,火,,,,,,,,,,,,,,金,,,,,,,,,,,,,,,,,,,,,,,
港区,市岡元町,2丁目,13番,,,,,,,,,,水土,,,,,,,,,,,,,,,,,,,,火,,,,,,,,,,,,,,,,,,,金,,,,,,,,,,,,,,,,,,
港区,市岡元町,2丁目,14番,,,,,,,,,,水土,,,,,,,,,,,,,,,,,,,,火,,,,,,,,,,,,,,,,金,,,,,,,,,,,,,,,,,,,,,
港区,市岡元町,2丁目,15番,,,,,,,,,,水土,,,,,,,,,,,,,,,,,,,,火,,,,,,,,,,,,,,,,金,,,,,,,,,,,,,,,,,,,,,
港区,市岡元町,2丁目,16番,,,,,,,,,,水土,,,,,,,,,,,,,,,,,,,,火,,,,,,,,,,,,,,,,金,,,,,,,,,,,,,,,,,,,,,
港区,市岡元町,3丁目,1番,,,,,,,水土,,,,,,,,,,,,,,,,,,,,,,,,,,火,,,,,,,,,,,,,,,,金,,,,,,,,,,,,,,,,,,
港区,市岡元町,3丁目,3番,,,,,,,,,,水土,,,,,,,,,,,,,,,,,,,火,,,,,,,,,,,,,,,,金,,,,,,,,,,,,,,,,,,,,,,
港区,市岡元町,3丁目,4番,,,,,,,,,,水土,,,,,,,,,,,,,,,,,,,,火,,,,,,,,,,,,,,,金,,,,,,,,,,,,,,,,,,,,,,
港区,市岡元町,3丁目,5番,軽四輪車(小さい車)で収集している地域,,,,,,,,,,水土,,,,,,,,,,,,,,,,,,,,火,,,,,,,,,,,,,,金,,,,,,,,,,,,,,,,,,,,,,
港区,市岡元町,3丁目,5番,上記以外,,,,,,,,水土,,,,,,,,,,,,,,,,,,,,,,火,,,,,,,,,,,,,,金,,,,,,,,,,,,,,,,,,,,,,
港区,市岡元町,3丁目,6番,軽四輪車(小さい車)で収集している地域,,,,,,,,,,水土,,,,,,,,,,,,,,,,,,火,,,,,,,,,,,,,,,,金,,,,,,,,,,,,,,,,,,,,,,
港区,市岡元町,3丁目,6番,上記以外,,,,,,,,水土,,,,,,,,,,,,,,,,,,,,火,,,,,,,,,,,,,,,,金,,,,,,,,,,,,,,,,,,,,,,
港区,市岡元町,3丁目,7番,,,,,,,,,,水土,,,,,,,,,,,,,,,,,,,火,,,,,,,,,,,,,,,,金,,,,,,,,,,,,,,,,,,,,,,
港区,市岡元町,3丁目,8番,,,,,,,,,,水土,,,,,,,,,,,,,,,,,,,火,,,,,,,,,,,,,,,,金,,,,,,,,,,,,,,,,,,,,,,
港区,市岡元町,3丁目,9番,,,,,,,,,,水土,,,,,,,,,,,,,,,,,,,火,,,,,,,,,,,,,,,,金,,,,,,,,,,,,,,,,,,,,,,
港区,市岡元町,3丁目,10番,,,,,,,,,,水土,,,,,,,,,,,,,,,,,,,火,,,,,,,,,,,,,,,,金,,,,,,,,,,,,,,,,,,,,,,
港区,市岡元町,3丁目,11番,,,,,,,,,,水土,,,,,,,,,,,,,,,,,,,火,,,,,,,,,,,,,,,,金,,,,,,,,,,,,,,,,,,,,,,
港区,市岡元町,3丁目,12番,,,,,,,,,,水土,,,,,,,,,,,,,,,,,,,,,,,火,,,,,,,,,,,,,,,,金,,,,,,,,,,,,,,,,,,
港区,市岡元町,3丁目,13番,,,,,,,水土,,,,,,,,,,,,,,,,,,,,,,,,,火,,,,,,,,,,,,,,,,,金,,,,,,,,,,,,,,,,,,
港区,海岸通,1丁目,5番,,,,,,,火金,,,,,,,,,,,,,,,,,月,,,,,,,,,,,,,,,,木,,,,,,,,,,,,,,,,,,,,,,,,,,,
港区,海岸通,2丁目,1番,,,,,,,火金,,,,,,,,,,,,,,,,月,,,,,,,,,,,,,,,,木,,,,,,,,,,,,,,,,,,,,,,,,,,,,
港区,海岸通,2丁目,5番,,,,,,,火金,,,,,,,,,,,,,,,,月,,,,,,,,,,,,,,,,木,,,,,,,,,,,,,,,,,,,,,,,,,,,,
港区,海岸通,2丁目,7番,,,,,,,火金,,,,,,,,,,,,,,,,月,,,,,,,,,,,,,,,,木,,,,,,,,,,,,,,,,,,,,,,,,,,,,
港区,海岸通,3丁目,1番,,,,,,,,月木,,,,,,,,,,,,,,,,,,水,,,,,,,,,,,,,,,,,土,,,,,,,,,,,,,,,,,,,,,,,,
港区,海岸通,3丁目,2番,,,,,,,,月木,,,,,,,,,,,,,,,,,,水,,,,,,,,,,,,,,,,,土,,,,,,,,,,,,,,,,,,,,,,,,
港区,海岸通,3丁目,3番,,,,,,,火金,,,,,,,,,,,,,,,,,,,,,,,水,,,,,,,,,,,,,,,,土,,,,,,,,,,,,,,,,,,,,,
港区,海岸通,3丁目,4番,,,,,,,,月木,,,,,,,,,,,,,,,,,,,水,,,,,,,,,,,,,,,,,土,,,,,,,,,,,,,,,,,,,,,,,
港区,海岸通,4丁目,1番,,,,,,,月木,,,,,,,,,,,,,,,,水,,,,,,,,,,,,,,,,土,,,,,,,,,,,,,,,,,,,,,,,,,,,,
港区,海岸通,4丁目,2番,,,,,,,月木,,,,,,,,,,,,,,,,水,,,,,,,,,,,,,,,,土,,,,,,,,,,,,,,,,,,,,,,,,,,,,
港区,海岸通,4丁目,3番,,,,,,,月木,,,,,,,,,,,,,,,,水,,,,,,,,,,,,,,,,土,,,,,,,,,,,,,,,,,,,,,,,,,,,,
港区,海岸通,4丁目,4番,,,,,,,月木,,,,,,,,,,,,,,,,水,,,,,,,,,,,,,,,,土,,,,,,,,,,,,,,,,,,,,,,,,,,,,
港区,港晴,1丁目,1番,,,,,,,月木,,,,,,,,,,,,,,,,,,,,,,,,,水,,,,,,,,,,,,,,,,土,,,,,,,,,,,,,,,,,,,
港区,港晴,1丁目,2番,,,,,,,月木,,,,,,,,,,,,,,,,,,,,,,,,,水,,,,,,,,,,,,,,,,土,,,,,,,,,,,,,,,,,,,
港区,港晴,1丁目,4番,,,,,,,月木,,,,,,,,,,,,,,,,,,,,,,,,,水,,,,,,,,,,,,,,,,土,,,,,,,,,,,,,,,,,,,
港区,港晴,1丁目,5番,,,,,,,月木,,,,,,,,,,,,,,,,,,,,,,,,,水,,,,,,,,,,,,,,,,土,,,,,,,,,,,,,,,,,,,
港区,港晴,1丁目,6番,,,,,,,月木,,,,,,,,,,,,,,,,,,,,,,,,,水,,,,,,,,,,,,,,,,土,,,,,,,,,,,,,,,,,,,
港区,港晴,1丁目,7番,,,,,,,月木,,,,,,,,,,,,,,,,,,,,,,,,,水,,,,,,,,,,,,,,,土,,,,,,,,,,,,,,,,,,,,
港区,港晴,1丁目,8番,,,,,,,月木,,,,,,,,,,,,,,,,,,,,,,,,,水,,,,,,,,,,,,,,,,土,,,,,,,,,,,,,,,,,,,
港区,港晴,1丁目,9番,,,,,,,月木,,,,,,,,,,,,,,,,,,,,,,,,,水,,,,,,,,,,,,,,,,土,,,,,,,,,,,,,,,,,,,
港区,港晴,1丁目,10番,,,,,,,月木,,,,,,,,,,,,,,,,,,,,,,,,,水,,,,,,,,,,,,,,,,土,,,,,,,,,,,,,,,,,,,
港区,港晴,2丁目,1番,,,,,,,月木,,,,,,,,,,,,,,,,,,,,,,,,,水,,,,,,,,,,,,,,,,,土,,,,,,,,,,,,,,,,,,
港区,港晴,2丁目,2番,,,,,,,月木,,,,,,,,,,,,,,,,,,,,,,,,,水,,,,,,,,,,,,,,,,,土,,,,,,,,,,,,,,,,,,
港区,港晴,2丁目,3番,,,,,,,月木,,,,,,,,,,,,,,,,,,,,,,,,水,,,,,,,,,,,,,,,,土,,,,,,,,,,,,,,,,,,,,
港区,港晴,2丁目,4番,,,,,,,月木,,,,,,,,,,,,,,,,,,,,,,,,,,,水,,,,,,,,,,,,,,,,土,,,,,,,,,,,,,,,,,
港区,港晴,2丁目,5番,,,,,,,月木,,,,,,,,,,,,,,,,,,水,,,,,,,,,,,,,,,,土,,,,,,,,,,,,,,,,,,,,,,,,,,
港区,港晴,2丁目,6番,,,,,,,月木,,,,,,,,,,,,,,,,,,,,,,,,,,水,,,,,,,,,,,,,,,,土,,,,,,,,,,,,,,,,,,
港区,港晴,2丁目,7番,サンラフレ朝潮橋,,,,,,,月木,,,,,,,,,,,,,,,,水,,,,,,,,,,,,,,,,,土,,,,,,,,,,,,,,,,,,,,,,,,,,
港区,港晴,2丁目,7番,上記以外,,,,,,月木,,,,,,,,,,,,,,,,,,水,,,,,,,,,,,,,,,,土,,,,,,,,,,,,,,,,,,,,,,,,,,
港区,港晴,2丁目,8番,,,,,,,,月木,,,,,,,,,,,,,,,,,,,,,,,,水,,,,,,,,,,,,,,,,土,,,,,,,,,,,,,,,,,,,
港区,港晴,2丁目,9番,,,,,,,,月木,,,,,,,,,,,,,,,,,,,,,,,水,,,,,,,,,,,,,,,,,土,,,,,,,,,,,,,,,,,,,
港区,港晴,2丁目,10番,,,,,,,,月木,,,,,,,,,,,,,,,,,,,,,,,水,,,,,,,,,,,,,,,,,土,,,,,,,,,,,,,,,,,,,
港区,港晴,2丁目,11番,,,,,,,月木,,,,,,,,,,,,,,,,,,,,,,,,水,,,,,,,,,,,,,,,,,土,,,,,,,,,,,,,,,,,,,
港区,港晴,2丁目,12番,,,,,,,月木,,,,,,,,,,,,,,,,,,,,,,,,水,,,,,,,,,,,,,,,,,土,,,,,,,,,,,,,,,,,,,
港区,港晴,2丁目,13番,,,,,,,月木,,,,,,,,,,,,,,,,,,,,,,,,,水,,,,,,,,,,,,,,,,土,,,,,,,,,,,,,,,,,,,
港区,港晴,2丁目,14番,,,,,,,月木,,,,,,,,,,,,,,,,,,,,,,,,,水,,,,,,,,,,,,,,,,土,,,,,,,,,,,,,,,,,,,
港区,港晴,2丁目,15番,,,,,,,月木,,,,,,,,,,,,,,,,,,,水,,,,,,,,,,,,,,,,,土,,,,,,,,,,,,,,,,,,,,,,,,
港区,港晴,3丁目,1番,,,,,,,,火金,,,,,,,,,,,,,,,月,,,,,,,,,,,,,,,,,木,,,,,,,,,,,,,,,,,,,,,,,,,,,
港区,港晴,3丁目,2番,,,,,,,,火金,,,,,,,,,,,,,,,月,,,,,,,,,,,,,,,,木,,,,,,,,,,,,,,,,,,,,,,,,,,,,
港区,港晴,3丁目,3番,,,,,,,,火金,,,,,,,,,,,,,,,,,月,,,,,,,,,,,,,,,,木,,,,,,,,,,,,,,,,,,,,,,,,,,
港区,港晴,3丁目,4番,,,,,,,,火金,,,,,,,,,,,,,,,,月,,,,,,,,,,,,,,,,,木,,,,,,,,,,,,,,,,,,,,,,,,,,
港区,港晴,3丁目,5番,,,,,,,,火金,,,,,,,,,,,,,,,,,月,,,,,,,,,,,,,,,,木,,,,,,,,,,,,,,,,,,,,,,,,,,
港区,港晴,3丁目,6番,,,,,,,,火金,,,,,,,,,,,,,,,,,月,,,,,,,,,,,,,,,,木,,,,,,,,,,,,,,,,,,,,,,,,,,
港区,港晴,3丁目,7番,,,,,,,,火金,,,,,,,,,,,,,,,,,月,,,,,,,,,,,,,,,,木,,,,,,,,,,,,,,,,,,,,,,,,,,
港区,港晴,3丁目,8番,軽四輪車(小さい車)で収集している地域,,,,,,火金,,,,,,,,,,,,,,,,月,,,,,,,,,,,,,,,,木,,,,,,,,,,,,,,,,,,,,,,,,,,,,
港区,港晴,3丁目,8番,上記以外,,,,,,,火金,,,,,,,,,,,,,,,月,,,,,,,,,,,,,,,,木,,,,,,,,,,,,,,,,,,,,,,,,,,,,
港区,港晴,3丁目,9番,軽四輪車(小さい車)で収集している地域,,,,,,火金,,,,,,,,,,,,,,,,月,,,,,,,,,,,,,,,,木,,,,,,,,,,,,,,,,,,,,,,,,,,,,
港区,港晴,3丁目,9番,上記以外,,,,,,,火金,,,,,,,,,,,,,,,月,,,,,,,,,,,,,,,,木,,,,,,,,,,,,,,,,,,,,,,,,,,,,
港区,港晴,3丁目,10番,,,,,,,,火金,,,,,,,,,,,,,,,月,,,,,,,,,,,,,,,,木,,,,,,,,,,,,,,,,,,,,,,,,,,,,
港区,港晴,3丁目,11番,,,,,,,,火金,,,,,,,,,,,,,,,月,,,,,,,,,,,,,,,,木,,,,,,,,,,,,,,,,,,,,,,,,,,,,
港区,港晴,3丁目,12番,,,,,,,,火金,,,,,,,,,,,,,,,,,月,,,,,,,,,,,,,,,,木,,,,,,,,,,,,,,,,,,,,,,,,,,
港区,港晴,3丁目,13番,,,,,,,,火金,,,,,,,,,,,,,,,,,月,,,,,,,,,,,,,,,,,木,,,,,,,,,,,,,,,,,,,,,,,,,
港区,港晴,3丁目,14番,,,,,,,,火金,,,,,,,,,,,,,,,,,月,,,,,,,,,,,,,,,,木,,,,,,,,,,,,,,,,,,,,,,,,,,
港区,港晴,3丁目,15番,,,,,,,,火金,,,,,,,,,,,,,,,,,月,,,,,,,,,,,,,,,,木,,,,,,,,,,,,,,,,,,,,,,,,,,
港区,港晴,3丁目,16番,,,,,,,火金,,,,,,,,,,,,,,,,,,月,,,,,,,,,,,,,,,,木,,,,,,,,,,,,,,,,,,,,,,,,,,
港区,港晴,3丁目,17番,,,,,,,火金,,,,,,,,,,,,,,,,月,,,,,,,,,,,,,,,,木,,,,,,,,,,,,,,,,,,,,,,,,,,,,
港区,港晴,4丁目,1番,,,,,,,火金,,,,,,,,,,,,,,,,,月,,,,,,,,,,,,,,,木,,,,,,,,,,,,,,,,,,,,,,,,,,,,
港区,港晴,4丁目,2番,,,,,,,火金,,,,,,,,,,,,,,,,,,月,,,,,,,,,,,,,,,,木,,,,,,,,,,,,,,,,,,,,,,,,,,
港区,港晴,4丁目,3番,,,,,,,火金,,,,,,,,,,,,,,,,,,月,,,,,,,,,,,,,,,,木,,,,,,,,,,,,,,,,,,,,,,,,,,
港区,港晴,4丁目,4番,,,,,,,火金,,,,,,,,,,,,,,,,,,月,,,,,,,,,,,,,,,,,木,,,,,,,,,,,,,,,,,,,,,,,,,
港区,港晴,4丁目,5番,,,,,,,火金,,,,,,,,,,,,,,,,,,月,,,,,,,,,,,,,,,,木,,,,,,,,,,,,,,,,,,,,,,,,,,
港区,港晴,4丁目,6番,,,,,,,火金,,,,,,,,,,,,,,,,,,月,,,,,,,,,,,,,,,,木,,,,,,,,,,,,,,,,,,,,,,,,,,
港区,港晴,4丁目,7番,,,,,,,火金,,,,,,,,,,,,,,,,月,,,,,,,,,,,,,,,,,木,,,,,,,,,,,,,,,,,,,,,,,,,,,
港区,港晴,4丁目,8番,,,,,,,火金,,,,,,,,,,,,,,,,月,,,,,,,,,,,,,,,,木,,,,,,,,,,,,,,,,,,,,,,,,,,,,
港区,港晴,4丁目,9番,,,,,,,火金,,,,,,,,,,,,,,,,月,,,,,,,,,,,,,,,,木,,,,,,,,,,,,,,,,,,,,,,,,,,,,
港区,港晴,4丁目,10番,,,,,,,火金,,,,,,,,,,,,,,,,,月,,,,,,,,,,,,,,,,木,,,,,,,,,,,,,,,,,,,,,,,,,,,
港区,港晴,4丁目,11番,,,,,,,火金,,,,,,,,,,,,,,,,,,月,,,,,,,,,,,,,,,,木,,,,,,,,,,,,,,,,,,,,,,,,,,
港区,港晴,4丁目,12番,,,,,,,火金,,,,,,,,,,,,,,,,,,月,,,,,,,,,,,,,,,,木,,,,,,,,,,,,,,,,,,,,,,,,,,
港区,港晴,4丁目,13番,,,,,,,火金,,,,,,,,,,,,,,,,,,月,,,,,,,,,,,,,,,,木,,,,,,,,,,,,,,,,,,,,,,,,,,
港区,港晴,4丁目,14番,,,,,,,火金,,,,,,,,,,,,,,,,,月,,,,,,,,,,,,,,,,木,,,,,,,,,,,,,,,,,,,,,,,,,,,
港区,港晴,4丁目,15番,,,,,,,火金,,,,,,,,,,,,,,,,,月,,,,,,,,,,,,,,,木,,,,,,,,,,,,,,,,,,,,,,,,,,,,
港区,港晴,4丁目,16番,,,,,,,火金,,,,,,,,,,,,,,,,,月,,,,,,,,,,,,,,,,木,,,,,,,,,,,,,,,,,,,,,,,,,,,
港区,港晴,4丁目,17番,,,,,,,火金,,,,,,,,,,,,,,,,月,,,,,,,,,,,,,,,,,木,,,,,,,,,,,,,,,,,,,,,,,,,,,
港区,港晴,4丁目,18番,,,,,,,火金,,,,,,,,,,,,,,,,月,,,,,,,,,,,,,,,,木,,,,,,,,,,,,,,,,,,,,,,,,,,,,
港区,田中,1丁目,1番,,,,,,,火金,,,,,,,,,,,,,,,,,,,,,月,,,,,,,,,,,,,,,,,,木,,,,,,,,,,,,,,,,,,,,,
港区,田中,1丁目,2番,軽四輪車(小さい車)で収集している地域,,,,,,,,火金,,,,,,,,,,,,,,,,,月,,,,,,,,,,,,,,,,木,,,,,,,,,,,,,,,,,,,,,,,,,
港区,田中,1丁目,2番,上記以外,,,,,,,,火金,,,,,,,,,,,,,,,,月,,,,,,,,,,,,,,,,,木,,,,,,,,,,,,,,,,,,,,,,,,,
港区,田中,1丁目,3番,,,,,,,,火金,,,,,,,,,,,,,,,,,,,,,,,,,,月,,,,,,,,,,,,,,,,木,,,,,,,,,,,,,,,,,
港区,田中,1丁目,4番,,,,,,,,火金,,,,,,,,,,,,,,,,,,,,,月,,,,,,,,,,,,,,,,,木,,,,,,,,,,,,,,,,,,,,,
港区,田中,1丁目,5番,,,,,,,,火金,,,,,,,,,,,,,,,,,,,,,,月,,,,,,,,,,,,,,木,,,,,,,,,,,,,,,,,,,,,,,
港区,田中,1丁目,6番,,,,,,,,火金,,,,,,,,,,,,,,,,,,,,,,月,,,,,,,,,,,,,,木,,,,,,,,,,,,,,,,,,,,,,,
港区,田中,1丁目,7番,,,,,,,,火金,,,,,,,,,,,,,,,,,,,,,,月,,,,,,,,,,,,,,木,,,,,,,,,,,,,,,,,,,,,,,
港区,田中,1丁目,8番,,,,,,,,,火金,,,,,,,,,,,,,,,,,,,月,,,,,,,,,,,,,,,木,,,,,,,,,,,,,,,,,,,,,,,,
港区,田中,1丁目,9番,,,,,,,,,火金,,,,,,,,,,,,,,,月,,,,,,,,,,,,,,,,,,木,,,,,,,,,,,,,,,,,,,,,,,,,
港区,田中,1丁目,10番,,,,,,,,火金,,,,,,,,,,,,,,,,,,,,月,,,,,,,,,,,,,,,,木,,,,,,,,,,,,,,,,,,,,,,,
港区,田中,1丁目,11番,,,,,,,,,火金,,,,,,,,,,,,,,,,,,,,,月,,,,,,,,,,,,,,,,木,,,,,,,,,,,,,,,,,,,,,
港区,田中,1丁目,12番,,,,,,,,,火金,,,,,,,,,,,,,,,,,,,,,月,,,,,,,,,,,,,,,,木,,,,,,,,,,,,,,,,,,,,,
港区,田中,1丁目,13番,,,,,,,,,火金,,,,,,,,,,,,,,,,,,,,,月,,,,,,,,,,,,,,,,木,,,,,,,,,,,,,,,,,,,,,
港区,田中,1丁目,14番,,,,,,,,火金,,,,,,,,,,,,,,,,,,,,,,,,,,月,,,,,,,,,,,木,,,,,,,,,,,,,,,,,,,,,,
港区,田中,1丁目,15番,,,,,,,,,火金,,,,,,,,,,,,,,,,,,,月,,,,,,,,,,,,,木,,,,,,,,,,,,,,,,,,,,,,,,,,
港区,田中,2丁目,1番,,,,,,,,火金,,,,,,,,,,,,,,,,月,,,,,,,,,,,,,,,,木,,,,,,,,,,,,,,,,,,,,,,,,,,,
港区,田中,2丁目,2番,,,,,,,,火金,,,,,,,,,,,,,,,,月,,,,,,,,,,,,,,,,,木,,,,,,,,,,,,,,,,,,,,,,,,,,
港区,田中,2丁目,3番,,,,,,,,,火金,,,,,,,,,,,,,,月,,,,,,,,,,,,,,,,,,木,,,,,,,,,,,,,,,,,,,,,,,,,,
港区,田中,2丁目,4番,,,,,,,,,火金,,,,,,,,,,,,,,,月,,,,,,,,,,,,,,,,木,,,,,,,,,,,,,,,,,,,,,,,,,,,
港区,田中,2丁目,5番,,,,,,,,,火金,,,,,,,,,,,,,,,月,,,,,,,,,,,,,,,木,,,,,,,,,,,,,,,,,,,,,,,,,,,,
港区,田中,2丁目,6番,,,,,,,,,火金,,,,,,,,,,,,,,,月,,,,,,,,,,,,,,,,,木,,,,,,,,,,,,,,,,,,,,,,,,,,
港区,田中,2丁目,7番,,,,,,,,,火金,,,,,,,,,,,,,,月,,,,,,,,,,,,,,,,木,,,,,,,,,,,,,,,,,,,,,,,,,,,,
港区,田中,2丁目,8番,,,,,,,,火金,,,,,,,,,,,,,,,,,月,,,,,,,,,,,,,,木,,,,,,,,,,,,,,,,,,,,,,,,,,,,
港区,田中,2丁目,9番,軽四輪車(小さい車)で収集している地域,,,,,,火金,,,,,,,,,,,,,,,,月,,,,,,,,,,,,,,,,木,,,,,,,,,,,,,,,,,,,,,,,,,,,,
港区,田中,2丁目,9番,上記以外,,,,,,,火金,,,,,,,,,,,,,,,月,,,,,,,,,,,,,,,,木,,,,,,,,,,,,,,,,,,,,,,,,,,,,
港区,田中,2丁目,10番,,,,,,,,火金,,,,,,,,,,,,,,,,月,,,,,,,,,,,,,,,,,木,,,,,,,,,,,,,,,,,,,,,,,,,,
港区,田中,2丁目,11番,,,,,,,,,火金,,,,,,,,,,,,,,,月,,,,,,,,,,,,,,,,木,,,,,,,,,,,,,,,,,,,,,,,,,,,
港区,田中,2丁目,12番,,,,,,,,火金,,,,,,,,,,,,,,,,月,,,,,,,,,,,,,,,,木,,,,,,,,,,,,,,,,,,,,,,,,,,,
港区,田中,2丁目,13番,,,,,,,,火金,,,,,,,,,,,,,,,,月,,,,,,,,,,,,,,,,,木,,,,,,,,,,,,,,,,,,,,,,,,,,
港区,田中,2丁目,14番,,,,,,,,火金,,,,,,,,,,,,,,,,月,,,,,,,,,,,,,,,,木,,,,,,,,,,,,,,,,,,,,,,,,,,,
港区,田中,3丁目,1番,,,,,,,,火金,,,,,,,,,,,,,,,月,,,,,,,,,,,,,,,,木,,,,,,,,,,,,,,,,,,,,,,,,,,,,
港区,田中,3丁目,2番,,,,,,,,,火金,,,,,,,,,,,,,,,,,,,,,,月,,,,,,,,,,,,,,,,木,,,,,,,,,,,,,,,,,,,,
港区,田中,3丁目,3番,,,,,,,,,火金,,,,,,,,,,,,,,,月,,,,,,,,,,,,,,,,,,,,,,,木,,,,,,,,,,,,,,,,,,,,
港区,田中,3丁目,4番,,,,,,,,,火金,,,,,,,,,,,,,,,,,,,,,,月,,,,,,,,,,,,,,,,木,,,,,,,,,,,,,,,,,,,,
港区,田中,3丁目,5番,,,,,,,,,火金,,,,,,,,,,,,,,,,,,,,,,月,,,,,,,,,,,,,,,,木,,,,,,,,,,,,,,,,,,,,
港区,田中,3丁目,6番,,,,,,,,,火金,,,,,,,,,,,,,,,,,,,,,,,,月,,,,,,,,,,,,,,,,木,,,,,,,,,,,,,,,,,,
港区,築港,1丁目,1番,,,,,,,火金,,,,,,,,,,,,,,,,月,,,,,,,,,,,,,,,,,木,,,,,,,,,,,,,,,,,,,,,,,,,,,
港区,築港,1丁目,2番,,,,,,,火金,,,,,,,,,,,,,,,,月,,,,,,,,,,,,,,,,,木,,,,,,,,,,,,,,,,,,,,,,,,,,,
港区,築港,1丁目,3番,,,,,,,火金,,,,,,,,,,,,,,,,月,,,,,,,,,,,,,,,,木,,,,,,,,,,,,,,,,,,,,,,,,,,,,
港区,築港,1丁目,5番,,,,,,,火金,,,,,,,,,,,,,,,,月,,,,,,,,,,,,,,,,木,,,,,,,,,,,,,,,,,,,,,,,,,,,,
港区,築港,1丁目,6番,,,,,,,火金,,,,,,,,,,,,,,,,月,,,,,,,,,,,,,,,,木,,,,,,,,,,,,,,,,,,,,,,,,,,,,
港区,築港,1丁目,7番,,,,,,,火金,,,,,,,,,,,,,,,,,月,,,,,,,,,,,,,,,,木,,,,,,,,,,,,,,,,,,,,,,,,,,,
港区,築港,1丁目,8番,,,,,,,火金,,,,,,,,,,,,,,,,,月,,,,,,,,,,,,,,,,木,,,,,,,,,,,,,,,,,,,,,,,,,,,
港区,築港,1丁目,9番,,,,,,,火金,,,,,,,,,,,,,,,,月,,,,,,,,,,,,,,,,木,,,,,,,,,,,,,,,,,,,,,,,,,,,,
港区,築港,1丁目,11番,,,,,,,火金,,,,,,,,,,,,,,,,月,,,,,,,,,,,,,,,,木,,,,,,,,,,,,,,,,,,,,,,,,,,,,
港区,築港,1丁目,12番,,,,,,,火金,,,,,,,,,,,,,,,,月,,,,,,,,,,,,,,,,木,,,,,,,,,,,,,,,,,,,,,,,,,,,,
港区,築港,1丁目,13番,,,,,,,火金,,,,,,,,,,,,,,,,月,,,,,,,,,,,,,,,,木,,,,,,,,,,,,,,,,,,,,,,,,,,,,
港区,築港,1丁目,14番,,,,,,,火金,,,,,,,,,,,,,,,,月,,,,,,,,,,,,,,,,木,,,,,,,,,,,,,,,,,,,,,,,,,,,,
港区,築港,2丁目,1番,,,,,,,火金,,,,,,,,,,,,,,,,,月,,,,,,,,,,,,,,,,木,,,,,,,,,,,,,,,,,,,,,,,,,,,
港区,築港,2丁目,2番,,,,,,,火金,,,,,,,,,,,,,,,,月,,,,,,,,,,,,,,,,木,,,,,,,,,,,,,,,,,,,,,,,,,,,,
港区,築港,2丁目,3番,,,,,,,火金,,,,,,,,,,,,,,,,月,,,,,,,,,,,,,,,,木,,,,,,,,,,,,,,,,,,,,,,,,,,,,
港区,築港,2丁目,4番,,,,,,,火金,,,,,,,,,,,,,,,,,月,,,,,,,,,,,,,,,,木,,,,,,,,,,,,,,,,,,,,,,,,,,,
港区,築港,2丁目,5番,,,,,,,火金,,,,,,,,,,,,,,,,,月,,,,,,,,,,,,,,,,木,,,,,,,,,,,,,,,,,,,,,,,,,,,
港区,築港,2丁目,6番,,,,,,,火金,,,,,,,,,,,,,,,,月,,,,,,,,,,,,,,,,木,,,,,,,,,,,,,,,,,,,,,,,,,,,,
港区,築港,2丁目,7番,,,,,,,火金,,,,,,,,,,,,,,,,,月,,,,,,,,,,,,,,,,木,,,,,,,,,,,,,,,,,,,,,,,,,,,
港区,築港,2丁目,8番,,,,,,,火金,,,,,,,,,,,,,,,,,月,,,,,,,,,,,,,,,,木,,,,,,,,,,,,,,,,,,,,,,,,,,,
港区,築港,3丁目,1番,,,,,,,火金,,,,,,,,,,,,,,,,,月,,,,,,,,,,,,,,,,木,,,,,,,,,,,,,,,,,,,,,,,,,,,
港区,築港,3丁目,2番,,,,,,,火金,,,,,,,,,,,,,,,,,月,,,,,,,,,,,,,,,,木,,,,,,,,,,,,,,,,,,,,,,,,,,,
港区,築港,3丁目,3番,,,,,,,火金,,,,,,,,,,,,,,,,,月,,,,,,,,,,,,,,,,木,,,,,,,,,,,,,,,,,,,,,,,,,,,
港区,築港,3丁目,4番,,,,,,,火金,,,,,,,,,,,,,,,,,月,,,,,,,,,,,,,,,,木,,,,,,,,,,,,,,,,,,,,,,,,,,,
港区,築港,3丁目,5番,,,,,,,火金,,,,,,,,,,,,,,,,,月,,,,,,,,,,,,,,,,木,,,,,,,,,,,,,,,,,,,,,,,,,,,
港区,築港,3丁目,6番,,,,,,,火金,,,,,,,,,,,,,,,,月,,,,,,,,,,,,,,,,木,,,,,,,,,,,,,,,,,,,,,,,,,,,,
港区,築港,3丁目,7番,,,,,,,火金,,,,,,,,,,,,,,,,,月,,,,,,,,,,,,,,,,木,,,,,,,,,,,,,,,,,,,,,,,,,,,
港区,築港,3丁目,8番,,,,,,,火金,,,,,,,,,,,,,,,,,月,,,,,,,,,,,,,,,,木,,,,,,,,,,,,,,,,,,,,,,,,,,,
港区,築港,3丁目,9番,,,,,,,火金,,,,,,,,,,,,,,,,月,,,,,,,,,,,,,,,,,木,,,,,,,,,,,,,,,,,,,,,,,,,,,
港区,築港,3丁目,10番,,,,,,,火金,,,,,,,,,,,,,,,,月,,,,,,,,,,,,,,,,,木,,,,,,,,,,,,,,,,,,,,,,,,,,,
港区,築港,4丁目,1番,,,,,,,火金,,,,,,,,,,,,,,,,月,,,,,,,,,,,,,,,,木,,,,,,,,,,,,,,,,,,,,,,,,,,,,
港区,築港,4丁目,2番,,,,,,,火金,,,,,,,,,,,,,,,,月,,,,,,,,,,,,,,,,木,,,,,,,,,,,,,,,,,,,,,,,,,,,,
港区,築港,4丁目,3番,,,,,,,火金,,,,,,,,,,,,,,,,月,,,,,,,,,,,,,,,,木,,,,,,,,,,,,,,,,,,,,,,,,,,,,
港区,築港,4丁目,4番,,,,,,,火金,,,,,,,,,,,,,,,,,月,,,,,,,,,,,,,,,,木,,,,,,,,,,,,,,,,,,,,,,,,,,,
港区,築港,4丁目,5番,,,,,,,火金,,,,,,,,,,,,,,,,月,,,,,,,,,,,,,,,,,木,,,,,,,,,,,,,,,,,,,,,,,,,,,
港区,築港,4丁目,6番,,,,,,,火金,,,,,,,,,,,,,,,,月,,,,,,,,,,,,,,,,木,,,,,,,,,,,,,,,,,,,,,,,,,,,,
港区,築港,4丁目,7番,,,,,,,火金,,,,,,,,,,,,,,,,月,,,,,,,,,,,,,,,,木,,,,,,,,,,,,,,,,,,,,,,,,,,,,
港区,築港,4丁目,8番,,,,,,,火金,,,,,,,,,,,,,,,,月,,,,,,,,,,,,,,,,木,,,,,,,,,,,,,,,,,,,,,,,,,,,,
港区,築港,4丁目,9番,,,,,,,火金,,,,,,,,,,,,,,,,月,,,,,,,,,,,,,,,,木,,,,,,,,,,,,,,,,,,,,,,,,,,,,
港区,築港,4丁目,10番,,,,,,,火金,,,,,,,,,,,,,,,,月,,,,,,,,,,,,,,,,木,,,,,,,,,,,,,,,,,,,,,,,,,,,,
港区,築港,4丁目,11番,,,,,,,火金,,,,,,,,,,,,,,,,月,,,,,,,,,,,,,,,,木,,,,,,,,,,,,,,,,,,,,,,,,,,,,
港区,波除,1丁目,1番,,,,,,,,,水土,,,,,,,,,,,,,,,,,,,,,,,,,火,,,,,,,,,,,,,,,,金,,,,,,,,,,,,,,,,,
港区,波除,1丁目,2番,,,,,,,火金,,,,,,,,,,,,,,,,,,,,,,,,,,,火,,,,,,,,,,,,,,,,金,,,,,,,,,,,,,,,,,
港区,波除,1丁目,4番,,,,,,,,,水土,,,,,,,,,,,,,,,,,,,,,,,,,火,,,,,,,,,,,,,,,,金,,,,,,,,,,,,,,,,,
港区,波除,1丁目,5番,,,,,,,火金,,,,,,,,,,,,,,,,,,,,,,,,,,,火,,,,,,,,,,,,,,,,金,,,,,,,,,,,,,,,,,
港区,波除,1丁目,6番,,,,,,,火金,,,,,,,,,,,,,,,,,,,,,,,,,,火,,,,,,,,,,,,,,,,,金,,,,,,,,,,,,,,,,,
港区,波除,2丁目,1番,,,,,,,,,水土,,,,,,,,,,,,,,,,,,,,,,,,,火,,,,,,,,,,,,,,,,金,,,,,,,,,,,,,,,,,
港区,波除,2丁目,2番,エスリード弁天町,,,,,,,,水土,,,,,,,,,,,,,,,,,,,,,,火,,,,,,,,,,,,,,,,金,,,,,,,,,,,,,,,,,,,,
港区,波除,2丁目,2番,市営波除住宅,,,,,,,,,,,,,,,,水土,,,,,,,,,,,,,,火,,,,,,,,,,,,,,,,金,,,,,,,,,,,,,,,,,,,,
港区,波除,2丁目,3番,,,,,,,,,,,,,,,,,水土,,,,,,,,,,,,火,,,,,,,,,,,,,,,,,,,金,,,,,,,,,,,,,,,,,,,
港区,波除,2丁目,4番,,,,,,,,,,,水土,,,,,,,,,,,,,,,,火,,,,,,,,,,,,,,,,,金,,,,,,,,,,,,,,,,,,,,,,,
港区,波除,2丁目,5番,,,,,,,,,,,水土,,,,,,,,,,,,,,,,火,,,,,,,,,,,,,,,,,金,,,,,,,,,,,,,,,,,,,,,,,
港区,波除,2丁目,6番,1~8号,,,,,,,,,,水土,,,,,,,,,,,,,,,,,,,,,火,,,,,,,,,,,,,,,,金,,,,,,,,,,,,,,,,,,,
港区,波除,2丁目,6番,上記以外,,,,,,,,,,,,,,,,水土,,,,,,,,,,,,,,,火,,,,,,,,,,,,,,,,金,,,,,,,,,,,,,,,,,,,
港区,波除,2丁目,7番,,,,,,,,,,,,,,,,,水土,,,,,,,,,,,,,,,火,,,,,,,,,,,,,,,金,,,,,,,,,,,,,,,,,,,,
港区,波除,2丁目,8番,,,,,,,,,,,,,,,,,水土,,,,,,,,,,,,火,,,,,,,,,,,,,,,,,,金,,,,,,,,,,,,,,,,,,,,
港区,波除,2丁目,9番,,,,,,,,,,,,,,,,,水土,,,,,,,,,,,,,,火,,,,,,,,,,,,,,,,,,,金,,,,,,,,,,,,,,,,,
港区,波除,2丁目,10番,,,,,,,,,,,,,,,,,水土,,,,,,,,,,,,,,火,,,,,,,,,,,,,,,,金,,,,,,,,,,,,,,,,,,,,
港区,波除,2丁目,11番,,,,,,,,,,,,,,,,,水土,,,,,,,,,,,,,,火,,,,,,,,,,,,,,,,金,,,,,,,,,,,,,,,,,,,,
港区,波除,2丁目,12番,,,,,,,,,,,,,,,,,水土,,,,,,,,,,,,,,火,,,,,,,,,,,,,,,,金,,,,,,,,,,,,,,,,,,,,
港区,波除,3丁目,1番,,,,,,,,,,,水土,,,,,,,,,,,,,,,,,,,火,,,,,,,,,,,,,,,,金,,,,,,,,,,,,,,,,,,,,,
港区,波除,3丁目,2番,軽四輪車(小さい車)で収集している地域,,,,,,,,,,水土,,,,,,,,,,,,,,,,,,,,火,,,,,,,,,,,,,,,,金,,,,,,,,,,,,,,,,,,,,
港区,波除,3丁目,2番,上記以外,,,,,,,,,,,,,,,,水土,,,,,,,,,,,,,,火,,,,,,,,,,,,,,,,金,,,,,,,,,,,,,,,,,,,,
港区,波除,3丁目,3番,軽四輪車(小さい車)で収集している地域,,,,,,,,,,水土,,,,,,,,,,,,,,,,,,,火,,,,,,,,,,,,,,,,金,,,,,,,,,,,,,,,,,,,,,
港区,波除,3丁目,3番,上記以外,,,,,,,,,,,,,,,,水土,,,,,,,,,,,,,,火,,,,,,,,,,,,,,,,金,,,,,,,,,,,,,,,,,,,,
港区,波除,3丁目,4番,軽四輪車(小さい車)で収集している地域,,,,,,,,水土,,,,,,,,,,,,,,,,,,,,,火,,,,,,,,,,,,,,,,金,,,,,,,,,,,,,,,,,,,,,
港区,波除,3丁目,4番,上記以外,,,,,,,,,,,,,,,,水土,,,,,,,,,,,,,,火,,,,,,,,,,,,,,,,,金,,,,,,,,,,,,,,,,,,,
港区,波除,3丁目,5番,,,,,,,,,,,,,,,,,水土,,,,,,,,,,,,,,,火,,,,,,,,,,,,,,,金,,,,,,,,,,,,,,,,,,,,
港区,波除,3丁目,6番,,,,,,,,,,,,,,,,,水土,,,,,,,,,,,,,,,火,,,,,,,,,,,,,,,,金,,,,,,,,,,,,,,,,,,,
港区,波除,3丁目,7番,,,,,,,,,,,,,,,,,水土,,,,,,,,,,,,,火,,,,,,,,,,,,,,,,金,,,,,,,,,,,,,,,,,,,,,
港区,波除,3丁目,8番,,,,,,,,,,,,,,,,,水土,,,,,,,,,,,,,,,火,,,,,,,,,,,,,,,,,金,,,,,,,,,,,,,,,,,,
港区,波除,3丁目,9番,,,,,,,,,,,,,,,,,水土,,,,,,,,,,,,,火,,,,,,,,,,,,,,,,金,,,,,,,,,,,,,,,,,,,,,
港区,波除,3丁目,10番,,,,,,,,,,,,,,,,,水土,,,,,,,,,,,,,火,,,,,,,,,,,,,,,,,金,,,,,,,,,,,,,,,,,,,,
港区,波除,3丁目,11番,,,,,,,,,,,,,,,,,水土,,,,,,,,,,,,,,,火,,,,,,,,,,,,,,,,金,,,,,,,,,,,,,,,,,,,
港区,波除,3丁目,12番,,,,,,,,,,,,,,,,,水土,,,,,,,,,,,,,,,,,火,,,,,,,,,,,,,,,金,,,,,,,,,,,,,,,,,,
港区,波除,3丁目,13番,,,,,,,,,,,,,,,,,水土,,,,,,,,,,,,,,,火,,,,,,,,,,,,,,,,金,,,,,,,,,,,,,,,,,,,
港区,波除,4丁目,1番,,,,,,,,,水土,,,,,,,,,,,,,,,,,,,,,,,火,,,,,,,,,,,,,,,,金,,,,,,,,,,,,,,,,,,,
港区,波除,4丁目,2番,,,,,,,,,,,,,,,,,水土,,,,,,,,,,,,,,火,,,,,,,,,,,,,,,,金,,,,,,,,,,,,,,,,,,,,
港区,波除,4丁目,3番,,,,,,,,,,,,,,,,,水土,,,,,,,,,,,,,,,火,,,,,,,,,,,,,,,金,,,,,,,,,,,,,,,,,,,,
港区,波除,4丁目,4番,,,,,,,,,,,,,,,,,水土,,,,,,,,,,,,,,,火,,,,,,,,,,,,,,,,金,,,,,,,,,,,,,,,,,,,
港区,波除,4丁目,5番,,,,,,,,,,,,,,,,,水土,,,,,,,,,,,,,,,火,,,,,,,,,,,,,,,,,金,,,,,,,,,,,,,,,,,,
港区,波除,4丁目,6番,,,,,,,,,,,,,,,,,水土,,,,,,,,,,,,,,,,,火,,,,,,,,,,,,,,,金,,,,,,,,,,,,,,,,,,
港区,波除,4丁目,7番,,,,,,,,,,,,,,,,,水土,,,,,,,,,,,,,,,,,火,,,,,,,,,,,,,,,金,,,,,,,,,,,,,,,,,,
港区,波除,4丁目,8番,,,,,,,,,,,,,,,,,水土,,,,,,,,,,,,,,,,火,,,,,,,,,,,,,,,,金,,,,,,,,,,,,,,,,,,
港区,波除,4丁目,10番,,,,,,,,,,,,,,,,,水土,,,,,,,,,,,,,,,,火,,,,,,,,,,,,,,,,,金,,,,,,,,,,,,,,,,,
港区,波除,5丁目,1番,軽四輪車(小さい車)で収集している地域,,,,,,,,,水土,,,,,,,,,,,,,,,,,,,,,火,,,,,,,,,,,,,,,,金,,,,,,,,,,,,,,,,,,,,
港区,波除,5丁目,1番,上記以外,,,,,,,,,,,,,,,,水土,,,,,,,,,,,,,火,,,,,,,,,,,,,,,,金,,,,,,,,,,,,,,,,,,,,,
港区,波除,5丁目,2番,軽四輪車(小さい車)で収集している地域,,,,,,,,,水土,,,,,,,,,,,,,,,,,,,,,火,,,,,,,,,,,,,,,,金,,,,,,,,,,,,,,,,,,,,
港区,波除,5丁目,2番,上記以外,,,,,,,,,,,,,,,,水土,,,,,,,,,,,,,火,,,,,,,,,,,,,,,,金,,,,,,,,,,,,,,,,,,,,,
港区,波除,5丁目,3番,軽四輪車(小さい車)で収集している地域,,,,,,,,,水土,,,,,,,,,,,,,,,,,,,,,火,,,,,,,,,,,,,,,,金,,,,,,,,,,,,,,,,,,,,
港区,波除,5丁目,3番,上記以外,,,,,,,,,,,,,,,,水土,,,,,,,,,,,,,火,,,,,,,,,,,,,,,,金,,,,,,,,,,,,,,,,,,,,,
港区,波除,5丁目,4番,軽四輪車(小さい車)で収集している地域,,,,,,,,,,,,,,,,水土,,,,,,,,,,,,,,,火,,,,,,,,,,,,,,,,金,,,,,,,,,,,,,,,,,,,
港区,波除,5丁目,4番,上記以外,,,,,,,,,,,,,,,,水土,,,,,,,,,,,,,,,,火,,,,,,,,,,,,,,,,,金,,,,,,,,,,,,,,,,,
港区,波除,5丁目,5番,,,,,,,,,,,,,,,,,水土,,,,,,,,,,,,,,,,火,,,,,,,,,,,,,,,,,金,,,,,,,,,,,,,,,,,
港区,波除,5丁目,6番,,,,,,,,,,,,,,,,,水土,,,,,,,,,,,,,,,,火,,,,,,,,,,,,,,,,,金,,,,,,,,,,,,,,,,,
港区,波除,5丁目,7番,,,,,,,,,,,,,,,,,水土,,,,,,,,,,,,,火,,,,,,,,,,,,,,,,金,,,,,,,,,,,,,,,,,,,,,
港区,波除,5丁目,8番,軽四輪車(小さい車)で収集している地域,,,,,,,,,,,,,,,,水土,,,,,,,,火,,,,,,,,,,,,,,,,,,,,,金,,,,,,,,,,,,,,,,,,,,,
港区,波除,5丁目,8番,上記以外,,,,,,,,,,,,,,,,水土,,,,,,,,,,,,,,,,火,,,,,,,,,,,,,,,,金,,,,,,,,,,,,,,,,,,
港区,波除,5丁目,10番,,,,,,,,,,,火金,,,,,,,,,,,,,,,,,,,,,,,,月,,,,,,,,,,,,,,,,木,,,,,,,,,,,,,,,,
港区,波除,5丁目,11番,,,,,,,,,,,火金,,,,,,,,,,,,,,,,,,,,,,,月,,,,,,,,,,,,,,,,木,,,,,,,,,,,,,,,,,
港区,波除,5丁目,12番,,,,,,,,,,,火金,,,,,,,,,,,,,,,,,,,,,,,月,,,,,,,,,,,,,,,,木,,,,,,,,,,,,,,,,,
港区,波除,5丁目,13番,,,,,,,,,,,火金,,,,,,,,,,,,,,,,,,,,,,,月,,,,,,,,,,,,,,,,木,,,,,,,,,,,,,,,,,
港区,波除,6丁目,1番,,,,,,,火金,,,,,,,,,,,,,,,,,,,,,,,,,,,月,,,,,,,,,,,,,,,,木,,,,,,,,,,,,,,,,,
港区,波除,6丁目,2番,,,,,,,火金,,,,,,,,,,,,,,,,,,,,,,,,,,,月,,,,,,,,,,,,,,,,木,,,,,,,,,,,,,,,,,
港区,波除,6丁目,3番,,,,,,,火金,,,,,,,,,,,,,,,,,,,,,,,,,,,月,,,,,,,,,,,,,,,,木,,,,,,,,,,,,,,,,,
港区,波除,6丁目,4番,,,,,,,火金,,,,,,,,,,,,,,,,,,,,,,,,,,,月,,,,,,,,,,,,,,,,木,,,,,,,,,,,,,,,,,
港区,波除,6丁目,5番,,,,,,,火金,,,,,,,,,,,,,,,,,,,,,,,,,,,月,,,,,,,,,,,,,,,,木,,,,,,,,,,,,,,,,,
港区,福崎,1丁目,1番,4~7号,,,,,,月木,,,,,,,,,,,,,,,,水,,,,,,,,,,,,,,,,土,,,,,,,,,,,,,,,,,,,,,,,,,,,,
港区,福崎,1丁目,1番,上記以外,,,,,,月木,,,,,,,,,,,,,,,,水,,,,,,,,,,,,,,,,土,,,,,,,,,,,,,,,,,,,,,,,,,,,,
港区,福崎,1丁目,3番,,,,,,,月木,,,,,,,,,,,,,,,,水,,,,,,,,,,,,,,,,土,,,,,,,,,,,,,,,,,,,,,,,,,,,,
港区,福崎,1丁目,4番,,,,,,,月木,,,,,,,,,,,,,,,,水,,,,,,,,,,,,,,,,土,,,,,,,,,,,,,,,,,,,,,,,,,,,,
港区,福崎,2丁目,1番,,,,,,,月木,,,,,,,,,,,,,,,,,水,,,,,,,,,,,,,,,土,,,,,,,,,,,,,,,,,,,,,,,,,,,,
港区,福崎,2丁目,2番,,,,,,,月木,,,,,,,,,,,,,,,,,水,,,,,,,,,,,,,,,土,,,,,,,,,,,,,,,,,,,,,,,,,,,,
港区,福崎,2丁目,3番,,,,,,,月木,,,,,,,,,,,,,,,,,,,,,,,,,,,水,,,,,,,,,,,,,,,土,,,,,,,,,,,,,,,,,,
港区,福崎,2丁目,4番,,,,,,,月木,,,,,,,,,,,,,,,,,,,,,,,,,,,水,,,,,,,,,,,,,,,土,,,,,,,,,,,,,,,,,,
港区,福崎,2丁目,6番,,,,,,,月木,,,,,,,,,,,,,,,,水,,,,,,,,,,,,,,,,土,,,,,,,,,,,,,,,,,,,,,,,,,,,,
港区,福崎,2丁目,7番,,,,,,,月木,,,,,,,,,,,,,,,,水,,,,,,,,,,,,,,,,土,,,,,,,,,,,,,,,,,,,,,,,,,,,,
港区,福崎,2丁目,8番,,,,,,,月木,,,,,,,,,,,,,,,,水,,,,,,,,,,,,,,,,土,,,,,,,,,,,,,,,,,,,,,,,,,,,,
港区,福崎,2丁目,9番,,,,,,,月木,,,,,,,,,,,,,,,,水,,,,,,,,,,,,,,,,土,,,,,,,,,,,,,,,,,,,,,,,,,,,,
港区,福崎,2丁目,10番,,,,,,,月木,,,,,,,,,,,,,,,,水,,,,,,,,,,,,,,,,土,,,,,,,,,,,,,,,,,,,,,,,,,,,,
港区,弁天,1丁目,1番,,,,,,,,,,,,,,,,,火金,,,,,,,,,月,,,,,,,,,,,,,,,,,木,,,,,,,,,,,,,,,,,,,,,,,,
港区,弁天,1丁目,2番,,,,,,,,,,火金,,,,,,,,,,,,,,,月,,,,,,,,,,,,,,,,,木,,,,,,,,,,,,,,,,,,,,,,,,,
港区,弁天,1丁目,3番,,,,,,,,,,水土,,,,,,,,,,,,,,,月,,,,,,,,,,,,,,,,木,,,,,,,,,,,,,,,,,,,,,,,,,,
港区,弁天,1丁目,4番,,,,,,,,,,,,,,,,,火金,,,,,,,,月,,,,,,,,,,,,,,,,木,,,,,,,,,,,,,,,,,,,,,,,,,,
港区,弁天,1丁目,5番,,,,,,,,,,,,,,,,,火金,,,,,,,,,,,,,,,月,,,,,,,,,,,,,,,,,,木,,,,,,,,,,,,,,,,,
港区,弁天,1丁目,6番,,,,,,,,,,火金,,,,,,,,,,,,,,,,,,,,,,,月,,,,,,,,,,,,,,,,木,,,,,,,,,,,,,,,,,,
港区,弁天,2丁目,1番,弁天コーポ,,,,,,,,,,,,,,,,火金,,,,,,,月,,,,,,,,,,,,,,,,木,,,,,,,,,,,,,,,,,,,,,,,,,,,
港区,弁天,2丁目,1番,上記以外,,,,,,,,,,火金,,,,,,,,,,,,,,月,,,,,,,,,,,,,,,,木,,,,,,,,,,,,,,,,,,,,,,,,,,
港区,弁天,2丁目,2番,,,,,,,,,,,火金,,,,,,,,,,,,,,,,,,,,月,,,,,,,,,,木,,,,,,,,,,,,,,,,,,,,,,,,,,
港区,弁天,2丁目,3番,,,,,,,,,,,火金,,,,,,,,,,,,,,,,,,,,月,,,,,,,,,,,,,,,,木,,,,,,,,,,,,,,,,,,,,
港区,弁天,2丁目,4番,軽四輪車(小さい車)で収集している地域,,,,,,,,火金,,,,,,,,,,,,,,,,,,,,,,,月,,,,,,,,,,,,,,,木,,,,,,,,,,,,,,,,,,,,
港区,弁天,2丁目,4番,上記以外,,,,,,,,,,火金,,,,,,,,,,,,,,,,,,,,,月,,,,,,,,,,,,,,,木,,,,,,,,,,,,,,,,,,,,
港区,弁天,2丁目,5番,軽四輪車(小さい車)で収集している地域,,,,,,,,火金,,,,,,,,,,,,,,,,,,,,,,,月,,,,,,,,,,,,,,,,木,,,,,,,,,,,,,,,,,,,
港区,弁天,2丁目,5番,上記以外,,,,,,,,,,火金,,,,,,,,,,,,,,,,,,,,,月,,,,,,,,,,,,,,,,木,,,,,,,,,,,,,,,,,,,
港区,弁天,2丁目,6番,,,,,,,,,,,火金,,,,,,,,,,,,,,,,,,,,,,月,,,,,,,,,,,,,,,,木,,,,,,,,,,,,,,,,,,
港区,弁天,2丁目,7番,,,,,,,,,,,火金,,,,,,,,,,,,,,,,,,,,月,,,,,,,,,,,,,,,,木,,,,,,,,,,,,,,,,,,,,
港区,弁天,2丁目,8番,,,,,,,,,,,火金,,,,,,,,,,,,,月,,,,,,,,,,,,,,,,木,,,,,,,,,,,,,,,,,,,,,,,,,,,
港区,弁天,2丁目,9番,,,,,,,,,,,火金,,,,,,,,,,,,,,,,,,,,,,月,,,,,,,,,,,,,,,,木,,,,,,,,,,,,,,,,,,
港区,弁天,2丁目,10番,,,,,,,,,,,火金,,,,,,,,,,,,,,,,,,,,,,月,,,,,,,,,,,,,,,木,,,,,,,,,,,,,,,,,,,
港区,弁天,2丁目,11番,,,,,,,,,,,火金,,,,,,,,,,,,,,,,,,,,,月,,,,,,,,,,,,,,,木,,,,,,,,,,,,,,,,,,,,
港区,弁天,2丁目,12番,,,,,,,,,,,火金,,,,,,,,,,,,,,,,,,,,,月,,,,,,,,,,,,,,,,木,,,,,,,,,,,,,,,,,,,
港区,弁天,2丁目,13番,,,,,,,,,,火金,,,,,,,,,,,,,,,,,,,,,,月,,,,,,,,,木,,,,,,,,,,,,,,,,,,,,,,,,,,
港区,弁天,2丁目,14番,,,,,,,,,,,火金,,,,,,,,,,,,,,,,,,,月,,,,,,,,,,,,,,,,,木,,,,,,,,,,,,,,,,,,,,
港区,弁天,2丁目,15番,,,,,,,,,,,火金,,,,,,,,,,,,,,,,,,,月,,,,,,,,,,,,,,,,木,,,,,,,,,,,,,,,,,,,,,
港区,弁天,3丁目,1番,,,,,,,,,,,火金,,,,,,,,,,,,,,,,,,,月,,,,,,,,,,,,,,,,木,,,,,,,,,,,,,,,,,,,,,
港区,弁天,3丁目,2番,,,,,,,,,,,火金,,,,,,,,,,,,,,,,,,,,,月,,,,,,,,,,,,,,,,木,,,,,,,,,,,,,,,,,,,
港区,弁天,3丁目,3番,,,,,,,,,,,火金,,,,,,,,,,,,,,,,,,,,月,,,,,,,,,,,,,,,,,木,,,,,,,,,,,,,,,,,,,
港区,弁天,3丁目,4番,,,,,,,,,,,火金,,,,,,,,,,,,,,,,,,,,月,,,,,,,,,,,,,,,,,木,,,,,,,,,,,,,,,,,,,
港区,弁天,3丁目,5番,,,,,,,,,,,火金,,,,,,,,,,,,,,,,,,,,,,,,月,,,,,,,,,,,,,,,木,,,,,,,,,,,,,,,,,
港区,弁天,3丁目,6番,,,,,,,,,,,火金,,,,,,,,,,,,,,,,,,,,月,,,,,,,,,,,,,,,,木,,,,,,,,,,,,,,,,,,,,
港区,弁天,3丁目,7番,,,,,,,,,,,火金,,,,,,,,,,,,,,,,,,,,月,,,,,,,,,,,,,,,,,,,木,,,,,,,,,,,,,,,,,
港区,弁天,3丁目,8番,,,,,,,,,,,火金,,,,,,,,,,,,,,,,,,,,月,,,,,,,,,,,,,,,,,,,木,,,,,,,,,,,,,,,,,
港区,弁天,3丁目,9番,,,,,,,,,,,火金,,,,,,,,,,,,,,,,,,,月,,,,,,,,,,,,,,,,木,,,,,,,,,,,,,,,,,,,,,
港区,弁天,3丁目,10番,,,,,,,,,,,火金,,,,,,,,,,,,,,,,,,,月,,,,,,,,,,,,,,,,木,,,,,,,,,,,,,,,,,,,,,
港区,弁天,3丁目,11番,,,,,,,,,,,火金,,,,,,,,,,,,,,,,,,,月,,,,,,,,,,,,,,,,木,,,,,,,,,,,,,,,,,,,,,
港区,弁天,3丁目,12番,,,,,,,,,,,火金,,,,,,,,,,,,,,,,,,,月,,,,,,,,,,,,,,,,木,,,,,,,,,,,,,,,,,,,,,
港区,弁天,3丁目,13番,,,,,,,,,,,火金,,,,,,,,,,,,,,,,,,,月,,,,,,,,,,,,,,,,木,,,,,,,,,,,,,,,,,,,,,
港区,弁天,3丁目,14番,,,,,,,,,,火金,,,,,,,,,,,,,,,,,,,,月,,,,,,,,,,,,,,,,木,,,,,,,,,,,,,,,,,,,,,
港区,弁天,3丁目,15番,,,,,,,,,,,火金,,,,,,,,,,,,,,,,,,,月,,,,,,,,,,,,,,,木,,,,,,,,,,,,,,,,,,,,,,
港区,弁天,3丁目,16番,,,,,,,,,,,火金,,,,,,,,,,,,,,,,,,月,,,,,,,,,,,,,,,,,木,,,,,,,,,,,,,,,,,,,,,
港区,弁天,3丁目,17番,,,,,,,,,,火金,,,,,,,,,,,,,,,,,,,月,,,,,,,,,,,,,,,,,木,,,,,,,,,,,,,,,,,,,,,
港区,弁天,3丁目,18番,,,,,,,,,,火金,,,,,,,,,,,,,,,,,,,月,,,,,,,,,,,,,,,,,木,,,,,,,,,,,,,,,,,,,,,
港区,弁天,3丁目,19番,,,,,,,,,,火金,,,,,,,,,,,,,,,,,,,月,,,,,,,,,,,,,,,,,木,,,,,,,,,,,,,,,,,,,,,
港区,弁天,3丁目,20番,,,,,,,,,,火金,,,,,,,,,,,,,,,,,,,月,,,,,,,,,,,,,,,,,木,,,,,,,,,,,,,,,,,,,,,
港区,弁天,3丁目,21番,,,,,,,,,,火金,,,,,,,,,,,,,,,,,,月,,,,,,,,,,,,,,,,木,,,,,,,,,,,,,,,,,,,,,,,
港区,弁天,3丁目,22番,,,,,,,,,,火金,,,,,,,,,,,,,,,,,,,月,,,,,,,,,,,,,,,,木,,,,,,,,,,,,,,,,,,,,,,
港区,弁天,3丁目,23番,,,,,,,,,,火金,,,,,,,,,,,,,,,,,,,,月,,,,,,,,,,,,,,,木,,,,,,,,,,,,,,,,,,,,,,
港区,弁天,3丁目,24番,,,,,,,,,,火金,,,,,,,,,,,,,,,,,,,月,,,,,,,,,,,,,,,,木,,,,,,,,,,,,,,,,,,,,,,
港区,弁天,4丁目,1番,,,,,,,,,,,火金,,,,,,,,,,,,,,,,,,,,月,,,,,,,,,,,,,,,,木,,,,,,,,,,,,,,,,,,,,
港区,弁天,4丁目,2番,,,,,,,,,,,火金,,,,,,,,,,,,,,,,,,,,,,月,,,,,,,,,,,,,,,,,木,,,,,,,,,,,,,,,,,
港区,弁天,4丁目,3番,,,,,,,,,,,火金,,,,,,,,,,,,,,,,,,,,月,,,,,,,,,,,,,,,,,,,,木,,,,,,,,,,,,,,,,
港区,弁天,4丁目,4番,,,,,,,,,,,火金,,,,,,,,,,,,,,,,,,,,月,,,,,,,,,,,,,,,,,,,木,,,,,,,,,,,,,,,,,
港区,弁天,4丁目,5番,ザ・ファインタワーウエストコート,,,,,,,,,,,,,,,,水土,,,,,,,,,,,,,,月,,,,,,,,,,,,,,,,木,,,,,,,,,,,,,,,,,,,,
港区,弁天,4丁目,5番,上記以外,,,,,,,,,,火金,,,,,,,,,,,,,,,,,,,,月,,,,,,,,,,,,,,,,木,,,,,,,,,,,,,,,,,,,,
港区,弁天,4丁目,6番,軽四輪車(小さい車)で収集している地域,,,,,,,,,,火金,,,,,,,,,,,,,,,,,,,,,月,,,,,,,,,,,,,,,,木,,,,,,,,,,,,,,,,,,,
港区,弁天,4丁目,6番,上記以外,,,,,,,,,,火金,,,,,,,,,,,,,,,,,,,,,月,,,,,,,,,,,,,,,,木,,,,,,,,,,,,,,,,,,,
港区,弁天,4丁目,7番,軽四輪車(小さい車)で収集している地域,,,,,,,,,,火金,,,,,,,,,,,,,,,,,,,,月,,,,,,,,,,,,,,,,,木,,,,,,,,,,,,,,,,,,,
港区,弁天,4丁目,7番,上記以外,,,,,,,,,,火金,,,,,,,,,,,,,,,,,,,,月,,,,,,,,,,,,,,,,,木,,,,,,,,,,,,,,,,,,,
港区,弁天,4丁目,8番,軽四輪車(小さい車)で収集している地域,,,,,,,,,,火金,,,,,,,,,,,,,,,,,,,,,月,,,,,,,,,,,,,,,,木,,,,,,,,,,,,,,,,,,,
港区,弁天,4丁目,8番,上記以外,,,,,,,,,,火金,,,,,,,,,,,,,,,,,,,,,月,,,,,,,,,,,,,,,,木,,,,,,,,,,,,,,,,,,,
港区,弁天,4丁目,9番,,,,,,,,,,,火金,,,,,,,,,,,,,,,,,,,,月,,,,,,,,,,,,,,,,,木,,,,,,,,,,,,,,,,,,,
港区,弁天,4丁目,10番,,,,,,,,,,,火金,,,,,,,,,,,,,,,,,,,,,月,,,,,,,,,,,,,,,,木,,,,,,,,,,,,,,,,,,,
港区,弁天,4丁目,11番,,,,,,,,,,,火金,,,,,,,,,,,,,,,,,,,,月,,,,,,,,,,,,,,,,木,,,,,,,,,,,,,,,,,,,,
港区,弁天,4丁目,12番,軽四輪車(小さい車)で収集している地域,,,,,,,,,,火金,,,,,,,,,,,,,,,,,,,,月,,,,,,,,,,,,,,,,木,,,,,,,,,,,,,,,,,,,,
港区,弁天,4丁目,12番,上記以外,,,,,,,,,火金,,,,,,,,,,,,,,,,,,,,,月,,,,,,,,,,,,,,,,木,,,,,,,,,,,,,,,,,,,,
港区,弁天,4丁目,13番,,,,,,,,,,,火金,,,,,,,,,,,,,,,,,,,,月,,,,,,,,,,,,,,,,,木,,,,,,,,,,,,,,,,,,,
港区,弁天,4丁目,14番,,,,,,,,,,,火金,,,,,,,,,,,,,,,,,,,,月,,,,,,,,,,,,,,,木,,,,,,,,,,,,,,,,,,,,,
港区,弁天,4丁目,15番,,,,,,,,,,,火金,,,,,,,,,,,,,,,,,,,,月,,,,,,,,,,,,,,,,,木,,,,,,,,,,,,,,,,,,,
港区,弁天,4丁目,16番,,,,,,,,,,,火金,,,,,,,,,,,,,,,,,,,,,,,月,,,,,,,,,,,,,,木,,,,,,,,,,,,,,,,,,,
港区,弁天,5丁目,1番,,,,,,,火金,,,,,,,,,,,,,,,,,,,,,,,,,,月,,,,,,,,,,,,,,,,,木,,,,,,,,,,,,,,,,,
港区,弁天,5丁目,2番,,,,,,,火金,,,,,,,,,,,,,,,,,,,,,,,,,,月,,,,,,,,,,,,,,,,,木,,,,,,,,,,,,,,,,,
港区,弁天,5丁目,3番,,,,,,,火金,,,,,,,,,,,,,,,,,,,,,,,,,,月,,,,,,,,,,,,,,,,,木,,,,,,,,,,,,,,,,,
港区,弁天,5丁目,4番,軽四輪車(小さい車)で収集している地域,,,,,,,,,,火金,,,,,,,,,,,,,,,,,,,,,,月,,,,,,,,,,,,,,,,,木,,,,,,,,,,,,,,,,,
港区,弁天,5丁目,4番,上記以外,,,,,,,,,,火金,,,,,,,,,,,,,,,,,,,,,,月,,,,,,,,,,,,,,,,,木,,,,,,,,,,,,,,,,,
港区,弁天,5丁目,5番,軽四輪車(小さい車)で収集している地域,,,,,,,,,,火金,,,,,,,,,,,,,,,,,,,,,,月,,,,,,,,,,,,,,,,,木,,,,,,,,,,,,,,,,,
港区,弁天,5丁目,5番,上記以外,,,,,,,,,,火金,,,,,,,,,,,,,,,,,,,,,,月,,,,,,,,,,,,,,,,,木,,,,,,,,,,,,,,,,,
港区,弁天,5丁目,6番,,,,,,,,,,,火金,,,,,,,,,,,,,,,,,,,,,,月,,,,,,,,,,,,,,,,木,,,,,,,,,,,,,,,,,,
港区,弁天,5丁目,7番,,,,,,,,,,,火金,,,,,,,,,,,,,,,,,,,,,,月,,,,,,,,,,,,,,,,木,,,,,,,,,,,,,,,,,,
港区,弁天,5丁目,8番,,,,,,,,,,,火金,,,,,,,,,,,,,,,,,,,,,,月,,,,,,,,,,,,,,,,木,,,,,,,,,,,,,,,,,,
港区,弁天,5丁目,9番,軽四輪車(小さい車)で収集している地域,,,,,,,,,,火金,,,,,,,,,,,,,,,,,,,,,月,,,,,,,,,,,,,,,,,木,,,,,,,,,,,,,,,,,,
港区,弁天,5丁目,9番,上記以外,,,,,,,,,,火金,,,,,,,,,,,,,,,,,,,,,月,,,,,,,,,,,,,,,,木,,,,,,,,,,,,,,,,,,,
港区,弁天,5丁目,10番,,,,,,,,,,,火金,,,,,,,,,,,,,,,,,,,,,月,,,,,,,,,,,,,,,,,木,,,,,,,,,,,,,,,,,,
港区,弁天,5丁目,11番,,,,,,,,,,,火金,,,,,,,,,,,,,,,,,,,,,月,,,,,,,,,,,,,,,,,,木,,,,,,,,,,,,,,,,,
港区,弁天,5丁目,12番,,,,,,,,,,,火金,,,,,,,,,,,,,,,,,,,,,,月,,,,,,,,,,,,,,,,,木,,,,,,,,,,,,,,,,,
港区,弁天,5丁目,13番,,,,,,,,,,,火金,,,,,,,,,,,,,,,,,,,,,,月,,,,,,,,,,,,,,,,木,,,,,,,,,,,,,,,,,,
港区,弁天,5丁目,14番,,,,,,,,,,,火金,,,,,,,,,,,,,,,,,,,,,月,,,,,,,,,,,,,,,,木,,,,,,,,,,,,,,,,,,,
港区,弁天,5丁目,15番,,,,,,,,,,,火金,,,,,,,,,,,,,,,,,,,,,月,,,,,,,,,,,,,,,,木,,,,,,,,,,,,,,,,,,,
港区,弁天,5丁目,16番,,,,,,,,,,,火金,,,,,,,,,,,,,,,,,,,,,月,,,,,,,,,,,,,,,,木,,,,,,,,,,,,,,,,,,,
港区,弁天,5丁目,17番,,,,,,,,,,,火金,,,,,,,,,,,,,,,,,,,,,月,,,,,,,,,,,,,,,,木,,,,,,,,,,,,,,,,,,,
港区,弁天,5丁目,18番,,,,,,,,,,,火金,,,,,,,,,,,,,,,,,,,,,月,,,,,,,,,,,,,,,,木,,,,,,,,,,,,,,,,,,,
港区,弁天,6丁目,1番,,,,,,,火金,,,,,,,,,,,,,,,,,,,,,,,,,,月,,,,,,,,,,,,,,,木,,,,,,,,,,,,,,,,,,,
港区,弁天,6丁目,2番,,,,,,,火金,,,,,,,,,,,,,,,,,,,,,,,,,月,,,,,,,,,,,,,,,,木,,,,,,,,,,,,,,,,,,,
港区,弁天,6丁目,4番,南側2か所,,,,,,,,,,火金,,,,,,,,,,,,,,,,,,,,,月,,,,,,,,,,,,,,,,木,,,,,,,,,,,,,,,,,,,
港区,弁天,6丁目,4番,上記以外,,,,,,火金,,,,,,,,,,,,,,,,,,,,,,,,,月,,,,,,,,,,,,,,,,木,,,,,,,,,,,,,,,,,,,
港区,弁天,6丁目,5番,,,,,,,,,,,火金,,,,,,,,,,,,,,,,,,,,,月,,,,,,,,,,,,,,,,木,,,,,,,,,,,,,,,,,,,
港区,弁天,6丁目,6番,,,,,,,火金,,,,,,,,,,,,,,,,,,,,,,,,,,,月,,,,,,,,,,,,,,木,,,,,,,,,,,,,,,,,,,
港区,三先,1丁目,1番,,,,,,,,,,,,,,,,,月木,,,,,,,,,,,,,,,火,,,,,,,,,,,,,,,,,金,,,,,,,,,,,,,,,,,,
港区,三先,1丁目,2番,,,,,,,,,,,,,,,,,月木,,,,,,,,,,,,,,,火,,,,,,,,,,,,,,,,金,,,,,,,,,,,,,,,,,,,
港区,三先,1丁目,3番,,,,,,,,,,,,,,,,,月木,,,,,,,,,,,,,,火,,,,,,,,,,,,,,,,,金,,,,,,,,,,,,,,,,,,,
港区,三先,1丁目,4番,,,,,,,,,,,,,,,,,月木,,,,,,,,,,,火,,,,,,,,,,,,,,,,,,,,金,,,,,,,,,,,,,,,,,,,
港区,三先,1丁目,5番,,,,,,,,,,,,,,,,,月木,,,,,,,,,,,火,,,,,,,,,,,,,,,,,,,,,,金,,,,,,,,,,,,,,,,,
港区,三先,1丁目,6番,,,,,,,,,,月木,,,,,,,,,,,,,,,,,,,火,,,,,,,,,,,,,,,,,金,,,,,,,,,,,,,,,,,,,,,
港区,三先,1丁目,7番,,,,,,,,,,,月木,,,,,,,,,,,,,,,,,火,,,,,,,,,,,,,,,,,,,,金,,,,,,,,,,,,,,,,,,,
港区,三先,1丁目,8番,軽四輪車(小さい車)で収集している地域,,,,,,,,,月木,,,,,,,,,,,,,,,,,,火,,,,,,,,,,,,,,,,,,,,金,,,,,,,,,,,,,,,,,,,
港区,三先,1丁目,8番,上記以外,,,,,,,,,月木,,,,,,,,,,,,,,,,,,,,,,火,,,,,,,,,,,,,,,,金,,,,,,,,,,,,,,,,,,,
港区,三先,1丁目,9番,軽四輪車(小さい車)で収集している地域,,,,,,,,,,月木,,,,,,,,,,,,,,,,,,火,,,,,,,,,,,,,,,,,,,金,,,,,,,,,,,,,,,,,,,
港区,三先,1丁目,9番,上記以外,,,,,,,,,,月木,,,,,,,,,,,,,,,,,,,,,火,,,,,,,,,,,,,,,,金,,,,,,,,,,,,,,,,,,,
港区,三先,1丁目,10番,軽四輪車(小さい車)で収集している地域,,,,,,,,,,月木,,,,,,,,,,,,,,,,,,火,,,,,,,,,,,,,,,,,,,金,,,,,,,,,,,,,,,,,,,
港区,三先,1丁目,10番,上記以外,,,,,,,,,,月木,,,,,,,,,,,,,,,,,,,,,火,,,,,,,,,,,,,,,,金,,,,,,,,,,,,,,,,,,,
港区,三先,1丁目,11番,軽四輪車(小さい車)で収集している地域,,,,,,,,,月木,,,,,,,,,,,,,,,,,,火,,,,,,,,,,,,,,,,,,金,,,,,,,,,,,,,,,,,,,,,
港区,三先,1丁目,11番,上記以外,,,,,,,,,,月木,,,,,,,,,,,,,,,,,,,,,,,火,,,,,,,,,,,,,,金,,,,,,,,,,,,,,,,,,,
港区,三先,1丁目,12番,,,,,,,,,,,月木,,,,,,,,,,,,,,,,,火,,,,,,,,,,,,,,,,,,,,金,,,,,,,,,,,,,,,,,,,
港区,三先,1丁目,13番,軽四輪車(小さい車)で収集している地域,,,,,,,,,,月木,,,,,,,,,,,,,,,,,,,,火,,,,,,,,,,,,,,,,金,,,,,,,,,,,,,,,,,,,,
港区,三先,1丁目,13番,上記以外,,,,,,,,,,月木,,,,,,,,,,,,,,,,,,,,火,,,,,,,,,,,,,,,,金,,,,,,,,,,,,,,,,,,,,
港区,三先,1丁目,14番,,,,,,,,,,,月木,,,,,,,,,,,,,,,,,,火,,,,,,,,,,,,,,,,,,,金,,,,,,,,,,,,,,,,,,,
港区,三先,1丁目,15番,軽四輪車(小さい車)で収集している地域,,,,,,,,,,月木,,,,,,,,,,,,,,,,,火,,,,,,,,,,,,,,,,,金,,,,,,,,,,,,,,,,,,,,,,
港区,三先,1丁目,15番,上記以外,,,,,,,,,,月木,,,,,,,,,,,,,,,,,,,,,火,,,,,,,,,,,,,,,,金,,,,,,,,,,,,,,,,,,,
港区,三先,1丁目,16番,軽四輪車(小さい車)で収集している地域,,,,,,,,,,月木,,,,,,,,,,,,,,,,,,火,,,,,,,,,,,,,,,,金,,,,,,,,,,,,,,,,,,,,,,
港区,三先,1丁目,16番,上記以外,,,,,,,,,,月木,,,,,,,,,,,,,,,,,,,,,火,,,,,,,,,,,,,,,,金,,,,,,,,,,,,,,,,,,,
港区,三先,1丁目,17番,,,,,,,,,,,月木,,,,,,,,,,,,,,,,,,火,,,,,,,,,,,,,,,,金,,,,,,,,,,,,,,,,,,,,,,
港区,三先,2丁目,1番,,,,,,,,,,,月木,,,,,,,,,,,,水,,,,,,,,,,,,,,,,土,,,,,,,,,,,,,,,,,,,,,,,,,,,,
港区,三先,2丁目,2番,,,,,,,,,,,月木,,,,,,,,,,,,,水,,,,,,,,,,,,,,,,土,,,,,,,,,,,,,,,,,,,,,,,,,,,
港区,三先,2丁目,3番,,,,,,,,,,,月木,,,,,,,,,,,,,水,,,,,,,,,,,,,,,,土,,,,,,,,,,,,,,,,,,,,,,,,,,,
港区,三先,2丁目,4番,,,,,,,,,,,月木,,,,,,,,,,,,,,水,,,,,,,,,,,,,,,,土,,,,,,,,,,,,,,,,,,,,,,,,,,
港区,三先,2丁目,5番,,,,,,,,,,,月木,,,,,,,,,,,,,,水,,,,,,,,,,,,,,,土,,,,,,,,,,,,,,,,,,,,,,,,,,,
港区,三先,2丁目,6番,,,,,,,,,,,月木,,,,,,,,,,,,,,水,,,,,,,,,,,,,,,土,,,,,,,,,,,,,,,,,,,,,,,,,,,
港区,三先,2丁目,7番,,,,,,,,,月木,,,,,,,,,,,,,,,水,,,,,,,,,,,,,,,,土,,,,,,,,,,,,,,,,,,,,,,,,,,,
港区,三先,2丁目,9番,,,,,,,,,月木,,,,,,,,,,,,,,水,,,,,,,,,,,,,,,,,土,,,,,,,,,,,,,,,,,,,,,,,,,,,
港区,三先,2丁目,10番,,,,,,,,,月木,,,,,,,,,,,,,,,水,,,,,,,,,,,,,,,土,,,,,,,,,,,,,,,,,,,,,,,,,,,,
港区,三先,2丁目,11番,,,,,,,,,月木,,,,,,,,,,,,,,,水,,,,,,,,,,,,,,,,土,,,,,,,,,,,,,,,,,,,,,,,,,,,
港区,三先,2丁目,12番,,,,,,,,,,月木,,,,,,,,,,,,,水,,,,,,,,,,,,,,,,土,,,,,,,,,,,,,,,,,,,,,,,,,,,,
港区,三先,2丁目,13番,,,,,,,,,,月木,,,,,,,,,,,,,水,,,,,,,,,,,,,,,,,土,,,,,,,,,,,,,,,,,,,,,,,,,,,
港区,三先,2丁目,14番,,,,,,,,,月木,,,,,,,,,,,,,,水,,,,,,,,,,,,,,,,,土,,,,,,,,,,,,,,,,,,,,,,,,,,,
港区,三先,2丁目,15番,,,,,,,,,月木,,,,,,,,,,,,,,,水,,,,,,,,,,,,,,,土,,,,,,,,,,,,,,,,,,,,,,,,,,,,
港区,三先,2丁目,16番,軽四輪車(小さい車)で収集している地域,,,,,,,,月木,,,,,,,,,,,,,,,水,,,,,,,,,,,,,,,,土,,,,,,,,,,,,,,,,,,,,,,,,,,,
港区,三先,2丁目,16番,上記以外,,,,,,,,,月木,,,,,,,,,,,,,,水,,,,,,,,,,,,,,,,土,,,,,,,,,,,,,,,,,,,,,,,,,,,
港区,三先,2丁目,17番,,,,,,,,,,月木,,,,,,,,,,,,,,水,,,,,,,,,,,,,,,,土,,,,,,,,,,,,,,,,,,,,,,,,,,,
港区,三先,2丁目,19番,,,,,,,,,,月木,,,,,,,,,,,,,,水,,,,,,,,,,,,,,,,土,,,,,,,,,,,,,,,,,,,,,,,,,,,
港区,三先,2丁目,20番,,,,,,,,,,月木,,,,,,,,,,,,,水,,,,,,,,,,,,,,,,土,,,,,,,,,,,,,,,,,,,,,,,,,,,,
港区,南市岡,1丁目,1番,,,,,,,水土,,,,,,,,,,,,,,,,火,,,,,,,,,,,,,,,,金,,,,,,,,,,,,,,,,月,,,,,,,,,,,,
港区,南市岡,1丁目,2番,,,,,,,水土,,,,,,,,,,,,,,,,火,,,,,,,,,,,,,,,,金,,,,,,,,,,,,,,,,月,,,,,,,,,,,,
港区,南市岡,1丁目,3番,軽四輪車(小さい車)で収集している地域,,,,,,,,水土,,,,,,,,,,,,,,火,,,,,,,,,,,,,,,,金,,,,,,,,,,,,,,,,月,,,,,,,,,,,,
港区,南市岡,1丁目,3番,上記以外,,,,,,水土,,,,,,,,,,,,,,,,火,,,,,,,,,,,,,,,,金,,,,,,,,,,,,,,,,月,,,,,,,,,,,,
港区,南市岡,1丁目,4番,,,,,,,水土,,,,,,,,,,,,,,,,火,,,,,,,,,,,,,,,,,金,,,,,,,,,,,,,,,月,,,,,,,,,,,,
港区,南市岡,1丁目,5番,軽四輪車(小さい車)で収集している地域,,,,,,,,水土,,,,,,,,,,,,,,火,,,,,,,,,,,,,,,,金,,,,,,,,,,,,,,,,月,,,,,,,,,,,,
港区,南市岡,1丁目,5番,上記以外,,,,,,水土,,,,,,,,,,,,,,,,火,,,,,,,,,,,,,,,,金,,,,,,,,,,,,,,,,月,,,,,,,,,,,,
港区,南市岡,1丁目,6番,軽四輪車(小さい車)で収集している地域,,,,,,,,水土,,,,,,,,,,,,,,火,,,,,,,,,,,,,,,,金,,,,,,,,,,,,,,,,月,,,,,,,,,,,,
港区,南市岡,1丁目,6番,上記以外,,,,,,水土,,,,,,,,,,,,,,,,火,,,,,,,,,,,,,,,,金,,,,,,,,,,,,,,,,月,,,,,,,,,,,,
港区,南市岡,1丁目,7番,,,,,,,水土,,,,,,,,,,,,,,,,火,,,,,,,,,,,,,,,,金,,,,,,,,,,,,,,,,月,,,,,,,,,,,,
港区,南市岡,1丁目,8番,,,,,,,水土,,,,,,,,,,,,,,,,火,,,,,,,,,,,,,,,,金,,,,,,,,,,,,,,,,月,,,,,,,,,,,,
港区,南市岡,1丁目,9番,,,,,,,水土,,,,,,,,,,,,,,,,火,,,,,,,,,,,,,,,,金,,,,,,,,,,,,,,,,月,,,,,,,,,,,,
港区,南市岡,1丁目,10番,,,,,,,水土,,,,,,,,,,,,,,,,火,,,,,,,,,,,,,,,,金,,,,,,,,,,,,,,,,月,,,,,,,,,,,,
港区,南市岡,1丁目,11番,,,,,,,水土,,,,,,,,,,,,,,,,火,,,,,,,,,,,,,,,,金,,,,,,,,,,,,,,,,月,,,,,,,,,,,,
港区,南市岡,2丁目,1番,,,,,,,水土,,,,,,,,,,,,,,,,火,,,,,,,,,,,,,,,,金,,,,,,,,,,,,,,,,月,,,,,,,,,,,,
港区,南市岡,2丁目,2番,,,,,,,水土,,,,,,,,,,,,,,,,火,,,,,,,,,,,,,,,,金,,,,,,,,,,,,,,,,月,,,,,,,,,,,,
港区,南市岡,2丁目,3番,,,,,,,水土,,,,,,,,,,,,,,,,火,,,,,,,,,,,,,,,,金,,,,,,,,,,,,,,,,月,,,,,,,,,,,,
港区,南市岡,2丁目,4番,,,,,,,水土,,,,,,,,,,,,,,,,火,,,,,,,,,,,,,,,,金,,,,,,,,,,,,,,,,月,,,,,,,,,,,,
港区,南市岡,2丁目,5番,,,,,,,水土,,,,,,,,,,,,,,,,火,,,,,,,,,,,,,,,,金,,,,,,,,,,,,,,,,月,,,,,,,,,,,,
港区,南市岡,2丁目,6番,,,,,,,水土,,,,,,,,,,,,,,,,火,,,,,,,,,,,,,,,,金,,,,,,,,,,,,,,,,月,,,,,,,,,,,,
港区,南市岡,2丁目,7番,,,,,,,水土,,,,,,,,,,,,,,,,火,,,,,,,,,,,,,,,,金,,,,,,,,,,,,,,,,月,,,,,,,,,,,,
港区,南市岡,2丁目,8番,,,,,,,水土,,,,,,,,,,,,,,,,水,,,,,,,,,,,,,,,,,,金,,,,,,,,,,,,,,月,,,,,,,,,,,,
港区,南市岡,2丁目,9番,,,,,,,水土,,,,,,,,,,,,,,,,火,,,,,,,,,,,,,,,,金,,,,,,,,,,,,,,,,月,,,,,,,,,,,,
港区,南市岡,2丁目,10番,,,,,,,水土,,,,,,,,,,,,,,,,,,火,,,,,,,,,,,,,,,,金,,,,,,,,,,,,,,月,,,,,,,,,,,,
港区,南市岡,2丁目,11番,,,,,,,水土,,,,,,,,,,,,,,,,火,,,,,,,,,,,,,,,,金,,,,,,,,,,,,,,,,月,,,,,,,,,,,,
港区,南市岡,2丁目,12番,,,,,,,水土,,,,,,,,,,,,,,,,火,,,,,,,,,,,,,,,,金,,,,,,,,,,,,,,,,月,,,,,,,,,,,,
港区,南市岡,2丁目,13番,,,,,,,水土,,,,,,,,,,,,,,,,,火,,,,,,,,,,,,,,,,金,,,,,,,,,,,,,,,月,,,,,,,,,,,,
港区,南市岡,2丁目,14番,,,,,,,水土,,,,,,,,,,,,,,,,,火,,,,,,,,,,,,,,,,金,,,,,,,,,,,,,,,月,,,,,,,,,,,,
港区,南市岡,3丁目,1番,,,,,,,水土,,,,,,,,,,,,,,,,火,,,,,,,,,,,,,,,,金,,,,,,,,,,,,,,,,月,,,,,,,,,,,,
港区,南市岡,3丁目,2番,,,,,,,水土,,,,,,,,,,,,,,,,火,,,,,,,,,,,,,,,,金,,,,,,,,,,,,,,,,月,,,,,,,,,,,,
港区,南市岡,3丁目,3番,,,,,,,水土,,,,,,,,,,,,,,,,火,,,,,,,,,,,,,,,,金,,,,,,,,,,,,,,,,月,,,,,,,,,,,,
港区,南市岡,3丁目,4番,,,,,,,水土,,,,,,,,,,,,,,,,火,,,,,,,,,,,,,,,,金,,,,,,,,,,,,,,,,月,,,,,,,,,,,,
港区,南市岡,3丁目,5番,軽四輪車(小さい車)で収集している地域,,,,,,,,水土,,,,,,,,,,,,,,火,,,,,,,,,,,,,,,,金,,,,,,,,,,,,,,,,月,,,,,,,,,,,,
港区,南市岡,3丁目,5番,上記以外,,,,,,水土,,,,,,,,,,,,,,,,火,,,,,,,,,,,,,,,,金,,,,,,,,,,,,,,,,月,,,,,,,,,,,,
港区,南市岡,3丁目,6番,キングスクエアランドレックス,,,,,,,,,月木,,,,,,,,,,,,,水,,,,,,,,,,,,,,,,土,,,,,,,,,,,,,,,,,,,,,,,,,,,,
港区,南市岡,3丁目,6番,上記以外,,,,,,水土,,,,,,,,,,,,,,,,,火,,,,,,,,,,,,,,,,金,,,,,,,,,,,,,,,月,,,,,,,,,,,,
港区,南市岡,3丁目,7番,,,,,,,水土,,,,,,,,,,,,,,,,,火,,,,,,,,,,,,,,,,金,,,,,,,,,,,,,,,月,,,,,,,,,,,,
港区,南市岡,3丁目,8番,,,,,,,水土,,,,,,,,,,,,,,,,火,,,,,,,,,,,,,,,,金,,,,,,,,,,,,,,,,月,,,,,,,,,,,,
港区,南市岡,3丁目,9番,,,,,,,水土,,,,,,,,,,,,,,,,火,,,,,,,,,,,,,,,,金,,,,,,,,,,,,,,,,月,,,,,,,,,,,,
港区,南市岡,3丁目,10番,,,,,,,水土,,,,,,,,,,,,,,,,,,火,,,,,,,,,,,,,,,金,,,,,,,,,,,,,,,月,,,,,,,,,,,,
港区,南市岡,3丁目,11番,,,,,,,水土,,,,,,,,,,,,,,,,,火,,,,,,,,,,,,,,,金,,,,,,,,,,,,,,,,月,,,,,,,,,,,,
港区,八幡屋,1丁目,1番,,,,,,,月木,,,,,,,,,,,,,,,,,,,,,,,,,,水,,,,,,,,,,,,,,土,,,,,,,,,,,,,,,,,,,,
港区,八幡屋,1丁目,2番,,,,,,,月木,,,,,,,,,,,,,,,,,,,,,,,,水,,,,,,,,,,,,,,,,土,,,,,,,,,,,,,,,,,,,,
港区,八幡屋,1丁目,3番,,,,,,,月木,,,,,,,,,,,,,,,,,,,,,,,,水,,,,,,,,,,,,,,,,土,,,,,,,,,,,,,,,,,,,,
港区,八幡屋,1丁目,4番,,,,,,,月木,,,,,,,,,,,,,,,,,,,,,,,,水,,,,,,,,,,,,,,,,,,,,土,,,,,,,,,,,,,,,,
港区,八幡屋,1丁目,5番,,,,,,,月木,,,,,,,,,,,,,,,,,,,,,,,,,水,,,,,,,,,,,,,,,土,,,,,,,,,,,,,,,,,,,,
港区,八幡屋,1丁目,6番,,,,,,,月木,,,,,,,,,,,,,,,,水,,,,,,,,,,,,,,,,土,,,,,,,,,,,,,,,,,,,,,,,,,,,,
港区,八幡屋,1丁目,7番,,,,,,,月木,,,,,,,,,,,,,,,,,,,,,,,,水,,,,,,,,,,,,,,,,土,,,,,,,,,,,,,,,,,,,,
港区,八幡屋,1丁目,8番,,,,,,,月木,,,,,,,,,,,,,,,,,,,,,,,,,,水,,,,,,,土,,,,,,,,,,,,,,,,,,,,,,,,,,,
港区,八幡屋,1丁目,9番,軽四輪車(小さい車)で収集している地域,,,,,,月木,,,,,,,,,,,,,,,,水,,,,,,,,,,,,,,,,土,,,,,,,,,,,,,,,,,,,,,,,,,,,,
港区,八幡屋,1丁目,9番,上記以外,,,,,,月木,,,,,,,,,,,,,,,,,,,,,,,,,,水,,,,,,,,,,,,,,,,,,土,,,,,,,,,,,,,,,,
港区,八幡屋,1丁目,10番,,,,,,,月木,,,,,,,,,,,,,,,,水,,,,,,,,,,,,,,,,,土,,,,,,,,,,,,,,,,,,,,,,,,,,,
港区,八幡屋,1丁目,11番,,,,,,,月木,,,,,,,,,,,,,,,,水,,,,,,,,,,,,,,,,土,,,,,,,,,,,,,,,,,,,,,,,,,,,,
港区,八幡屋,1丁目,12番,軽四輪車(小さい車)で収集している地域,,,,,,月木,,,,,,,,,,,,,,,,,水,,,,,,,,,,,,,,,土,,,,,,,,,,,,,,,,,,,,,,,,,,,,
港区,八幡屋,1丁目,12番,上記以外,,,,,,月木,,,,,,,,,,,,,,,,,,,,,,,,水,,,,,,,,,,,,,,,,土,,,,,,,,,,,,,,,,,,,,
港区,八幡屋,1丁目,13番,,,,,,,月木,,,,,,,,,,,,,,,,水,,,,,,,,,,,,,,,,土,,,,,,,,,,,,,,,,,,,,,,,,,,,,
港区,八幡屋,1丁目,14番,,,,,,,月木,,,,,,,,,,,,,,,,水,,,,,,,,,,,,,,,,土,,,,,,,,,,,,,,,,,,,,,,,,,,,,
港区,八幡屋,1丁目,15番,,,,,,,月木,,,,,,,,,,,,,,,,,,,,水,,,,,,,,,,,,,,,,土,,,,,,,,,,,,,,,,,,,,,,,,
港区,八幡屋,1丁目,16番,,,,,,,月木,,,,,,,,,,,,,,,,,,,,,,,,水,,,,,,,,,,,,,,,,,土,,,,,,,,,,,,,,,,,,,
港区,八幡屋,2丁目,八幡屋商店街,,,,,,,月木,,,,,,,,,,,,,,,,水,,,,,,,,,,,,,,,,土,,,,,,,,,,,,,,,,,,,,,,,,,,,,
港区,八幡屋,2丁目,1番,,,,,,,月木,,,,,,,,,,,,,,,,水,,,,,,,,,,,,,,,,土,,,,,,,,,,,,,,,,,,,,,,,,,,,,
港区,八幡屋,2丁目,2番,,,,,,,月木,,,,,,,,,,,,,,,,水,,,,,,,,,,,,,,,,土,,,,,,,,,,,,,,,,,,,,,,,,,,,,
港区,八幡屋,2丁目,3番,,,,,,,月木,,,,,,,,,,,,,,,,,,,,,,,,,水,,,,,,,,,,,,,,,,土,,,,,,,,,,,,,,,,,,,
港区,八幡屋,2丁目,4番,,,,,,,月木,,,,,,,,,,,,,,,,,,,,,,,,,,,水,,,,,,,,,,,,,,,土,,,,,,,,,,,,,,,,,,
港区,八幡屋,2丁目,5番,,,,,,,月木,,,,,,,,,,,,,,,,,,,,,,,,,水,,,,,,,,,,,,,,,,土,,,,,,,,,,,,,,,,,,,
港区,八幡屋,2丁目,6番,,,,,,,月木,,,,,,,,,,,,,,,,,,,,,,,,,水,,,,,,,,,,,,,,,土,,,,,,,,,,,,,,,,,,,,
港区,八幡屋,2丁目,7番,,,,,,,,,月木,,,,,,,,,,,,,,,,,,,,,水,,,,,,,,,,,,,,,,土,,,,,,,,,,,,,,,,,,,,,
港区,八幡屋,2丁目,8番,,,,,,,,,月木,,,,,,,,,,,,,,,,,,,,,水,,,,,,,,,,,,,,,,土,,,,,,,,,,,,,,,,,,,,,
港区,八幡屋,2丁目,9番,,,,,,,,,月木,,,,,,,,,,,,,,,,,,,,,水,,,,,,,,,,,,,,,,土,,,,,,,,,,,,,,,,,,,,,
港区,八幡屋,2丁目,10番,,,,,,,,,月木,,,,,,,,,,,,,,,,,,,,,水,,,,,,,,,,,,,,,,土,,,,,,,,,,,,,,,,,,,,,
港区,八幡屋,2丁目,11番,,,,,,,,,月木,,,,,,,,,,,,,,,,,,,,,,水,,,,,,,,,,,,,,,土,,,,,,,,,,,,,,,,,,,,,
港区,八幡屋,2丁目,12番,軽四輪車(小さい車)で収集している地域,,,,,,,,月木,,,,,,,,,,,,,,,,,,,,,,,水,,,,,,,,,,,,,,,,土,,,,,,,,,,,,,,,,,,,
港区,八幡屋,2丁目,12番,上記以外,,,,,,月木,,,,,,,,,,,,,,,,,,,,,,,,,水,,,,,,,,,,,,,,,,土,,,,,,,,,,,,,,,,,,,
港区,八幡屋,2丁目,13番,,,,,,,月木,,,,,,,,,,,,,,,,,,,,,,,水,,,,,,,,,,,,,,,,土,,,,,,,,,,,,,,,,,,,,,
港区,八幡屋,2丁目,14番,軽四輪車(小さい車)で収集している地域,,,,,,月木,,月木,,,,,,,,,,,,,,,,,,,,,,水,,,,,,,,,,,,,,,,,,土,,,,,,,,,,,,,,,,,,
港区,八幡屋,2丁目,14番,上記以外,,,,,,月木,,,,,,,,,,,,,,,,,,,,,,,,水,,,,,,,,,,,,,,,,,,土,,,,,,,,,,,,,,,,,,
港区,八幡屋,2丁目,15番,,,,,,,月木,,,,,,,,,,,,,,,,,,,,,,,,水,,,,,,,,,,,,,,,,土,,,,,,,,,,,,,,,,,,,,
港区,八幡屋,3丁目,1番,軽四輪車(小さい車)で収集している地域,,,,,,,,月木,,,,,,,,,,,,,,水,,,,,,,,,,,,,,,,土,,,,,,,,,,,,,,,,,,,,,,,,,,,,
港区,八幡屋,3丁目,1番,上記以外,,,,,,月木,,,,,,,,,,,,,,,,,,,,,,,,水,,,,,,,,,,,,,,,土,,,,,,,,,,,,,,,,,,,,,
港区,八幡屋,3丁目,2番,軽四輪車(小さい車)で収集している地域,,,,,,,,月木,,,,,,,,,,,,,,水,,,,,,,,,,,,,,,,土,,,,,,,,,,,,,,,,,,,,,,,,,,,,
港区,八幡屋,3丁目,2番,上記以外,,,,,,,月木,,,,,,,,,,,,,,,水,,,,,,,,,,,,,,,,土,,,,,,,,,,,,,,,,,,,,,,,,,,,,
港区,八幡屋,3丁目,4番,軽四輪車(小さい車)で収集している地域,,,,,,,,月木,,,,,,,,,,,,,,,,,,,,,,,,水,,,,,,,,,,,,,,,土,,,,,,,,,,,,,,,,,,,
港区,八幡屋,3丁目,4番,上記以外,,,,,,,月木,,,,,,,,,,,,,,,,,,,,,,,,,水,,,,,,,,,,,,,,,土,,,,,,,,,,,,,,,,,,,
港区,八幡屋,3丁目,5番,,,,,,,,,月木,,,,,,,,,,,,,,,,,,,,,水,,,,,,,,,,,,,,,,土,,,,,,,,,,,,,,,,,,,,,
港区,八幡屋,3丁目,6番,,,,,,,,,月木,,,,,,,,,,,,,,,,,,,,,水,,,,,,,,,,,,,,,,土,,,,,,,,,,,,,,,,,,,,,
港区,八幡屋,3丁目,7番,,,,,,,,,月木,,,,,,,,,,,,,,,,,,,,水,,,,,,,,,,,,,,,,,土,,,,,,,,,,,,,,,,,,,,,
港区,八幡屋,3丁目,8番,,,,,,,月木,,,,,,,,,,,,,,,,,,,,,,水,,,,,,,,,,,,,,,,,,土,,,,,,,,,,,,,,,,,,,,
港区,八幡屋,3丁目,9番,,,,,,,月木,,,,,,,,,,,,,,,,,,,,,,,水,,,,,,,,,,,,,,,,,土,,,,,,,,,,,,,,,,,,,,
港区,八幡屋,3丁目,10番,,,,,,,月木,,,,,,,,,,,,,,,,,,,,,,,,,,水,,,,,,,,,,,,,土,,,,,,,,,,,,,,,,,,,,,
港区,八幡屋,3丁目,11番,,,,,,,月木,,,,,,,,,,,,,,,,,,,,,,,水,,,,,,,,,,,,,,,,土,,,,,,,,,,,,,,,,,,,,,
港区,八幡屋,3丁目,12番,,,,,,,月木,,,,,,,,,,,,,,,,,,,,,,,,水,,,,,,,,,,,,,,,土,,,,,,,,,,,,,,,,,,,,,
港区,八幡屋,3丁目,13番,,,,,,,月木,,,,,,,,,,,,,,,,,,,,,,,水,,,,,,,,,,,,,,,,,土,,,,,,,,,,,,,,,,,,,,
港区,八幡屋,3丁目,14番,,,,,,,月木,,,,,,,,,,,,,,,,,,,,,,,水,,,,,,,,,,,,,,,,土,,,,,,,,,,,,,,,,,,,,,
港区,八幡屋,3丁目,15番,,,,,,,月木,,,,,,,,,,,,,,,,,,,,,,,,水,,,,,,,,,,,,,,,,,,土,,,,,,,,,,,,,,,,,,
港区,八幡屋,3丁目,16番,,,,,,,月木,,,,,,,,,,,,,,,,,,,,,,,水,,,,,,,,,,,,,,,,,,土,,,,,,,,,,,,,,,,,,,
港区,八幡屋,3丁目,17番,,,,,,,月木,,,,,,,,,,,,,,,,,,,,水,,,,,,,,,,,,,,,,土,,,,,,,,,,,,,,,,,,,,,,,,
港区,八幡屋,3丁目,18番,,,,,,,月木,,,,,,,,,,,,,,,,,,,,,,,水,,,,,,,,,,,,,,,,,,,土,,,,,,,,,,,,,,,,,,
港区,八幡屋,4丁目,1番,軽四輪車(小さい車)で収集している地域,,,,,,,,月木,,,,,,,,,,,,,,,,,,,,水,,,,,,,,,,,,,,,,,土,,,,,,,,,,,,,,,,,,,,,
港区,八幡屋,4丁目,1番,上記以外,,,,,,月木,,,,,,,,,,,,,,,,,,,,,,水,,,,,,,,,,,,,,,,,土,,,,,,,,,,,,,,,,,,,,,
港区,八幡屋,4丁目,2番,軽四輪車(小さい車)で収集している地域,,,,,,,,月木,,,,,,,,,,,,,,,,,,,,水,,,,,,,,,,,,,,,,土,,,,,,,,,,,,,,,,,,,,,,
港区,八幡屋,4丁目,2番,上記以外,,,,,,月木,,,,,,,,,,,,,,,,,,,,,,水,,,,,,,,,,,,,,,,土,,,,,,,,,,,,,,,,,,,,,,
港区,八幡屋,4丁目,3番,軽四輪車(小さい車)で収集している地域,,,,,,,,月木,,,,,,,,,,,,,,,,,水,,,,,,,,,,,,,,,,,,,,土,,,,,,,,,,,,,,,,,,,,,
港区,八幡屋,4丁目,3番,上記以外,,,,,,月木,,,,,,,,,,,,,,,,,,,水,,,,,,,,,,,,,,,,,,,,土,,,,,,,,,,,,,,,,,,,,,
港区,八幡屋,4丁目,4番,軽四輪車(小さい車)で収集している地域,,,,,,,,月木,,,,,,,,,,,,,,,,水,,,,,,,,,,,,,,,,,,,,,土,,,,,,,,,,,,,,,,,,,,,
港区,八幡屋,4丁目,4番,上記以外,,,,,,月木,,,,,,,,,,,,,,,,,,水,,,,,,,,,,,,,,,,,,,,,土,,,,,,,,,,,,,,,,,,,,,
港区,八幡屋,4丁目,5番,,,,,,,月木,,,,,,,,,,,,,,,,,,,,,,,水,,,,,,,,,,,,,,,,土,,,,,,,,,,,,,,,,,,,,,
港区,八幡屋,4丁目,6番,,,,,,,月木,,,,,,,,,,,,,,,,,,,水,,,,,,,,,,,,,,,,,,,,土,,,,,,,,,,,,,,,,,,,,,
港区,八幡屋,4丁目,7番,,,,,,,月木,,,,,,,,,,,,,,,,,,,,,,,,水,,,,,,,,,,,,,,,,,土,,,,,,,,,,,,,,,,,,,
港区,八幡屋,4丁目,8番,,,,,,,月木,,,,,,,,,,,,,,,,,,,,,,,,水,,,,,,,,,,,,,,,,,土,,,,,,,,,,,,,,,,,,,
港区,夕凪,1丁目,1番,軽四輪車(小さい車)で収集している地域,,,,,,,,,,,,,,,,月木,,,,,,,,,,,,,,,,火,,,,,,,,,,,,,,金,,,,,,,,,,,,,,,,,,,,
港区,夕凪,1丁目,1番,上記以外,,,,,,,,,,月木,,,,,,,,,,,,,,,,,,,,,,火,,,,,,,,,,,,,,金,,,,,,,,,,,,,,,,,,,,
港区,夕凪,1丁目,2番,軽四輪車(小さい車)で収集している地域,,,,,,,,,,,,,,,,月木,,,,,,,,,,,,,,火,,,,,,,,,,,,,,,,金,,,,,,,,,,,,,,,,,,,,
港区,夕凪,1丁目,2番,上記以外,,,,,,,,,,月木,,,,,,,,,,,,,,,,,,,,火,,,,,,,,,,,,,,,,金,,,,,,,,,,,,,,,,,,,,
港区,夕凪,1丁目,3番,軽四輪車(小さい車)で収集している地域,,,,,,,,,,,,,,,,月木,,,,,,,,,,,,,,火,,,,,,,,,,,,,,,金,,,,,,,,,,,,,,,,,,,,,
港区,夕凪,1丁目,3番,上記以外,,,,,,,,,,月木,,,,,,,,,,,,,,,,,,,,火,,,,,,,,,,,,,,,金,,,,,,,,,,,,,,,,,,,,,
港区,夕凪,1丁目,4番,,,,,,,,,,,月木,,,,,,,,,,,,,,,,,,,火,,,,,,,,,,,,,,,,金,,,,,,,,,,,,,,,,,,,,,
港区,夕凪,1丁目,5番,,,,,,,,,,,月木,,,,,,,,,,,,,,,,,,,火,,,,,,,,,,,,,,,,金,,,,,,,,,,,,,,,,,,,,,
港区,夕凪,1丁目,6番,,,,,,,,,,,月木,,,,,,,,,,,,,,,,,,,火,,,,,,,,,,,,,,,,金,,,,,,,,,,,,,,,,,,,,,
港区,夕凪,1丁目,7番,軽四輪車(小さい車)で収集している地域,,,,,,,,月木,,,,,,,,,,,,,,,,,,,,,火,,,,,,,,,,,,,,,,,,,金,,,,,,,,,,,,,,,,,,
港区,夕凪,1丁目,7番,上記以外,,,,,,,,,,月木,,,,,,,,,,,,,,,,,,,火,,,,,,,,,,,,,,,,,,,金,,,,,,,,,,,,,,,,,,
港区,夕凪,1丁目,8番,軽四輪車(小さい車)で収集している地域,,,,,,,,月木,,,,,,,,,,,,,,,,,,,,,,,火,,,,,,,,,,,,,,,,,,金,,,,,,,,,,,,,,,,,
港区,夕凪,1丁目,8番,上記以外,,,,,,,,,,月木,,,,,,,,,,,,,,,,,,,,,火,,,,,,,,,,,,,,,,,,金,,,,,,,,,,,,,,,,,
港区,夕凪,1丁目,9番,軽四輪車(小さい車)で収集している地域,,,,,,,,月木,,,,,,,,,,,,,,,,,,,,,火,,,,,,,,,,,,,,,,,,,,金,,,,,,,,,,,,,,,,,
港区,夕凪,1丁目,9番,上記以外,,,,,,,,,,月木,,,,,,,,,,,,,,,,,,,火,,,,,,,,,,,,,,,,,,,,金,,,,,,,,,,,,,,,,,
港区,夕凪,1丁目,10番,軽四輪車(小さい車)で収集している地域,,,,,,,,月木,,,,,,,,,,,,,,,,,,,,,火,,,,,,,,,,,,,,,,金,,,,,,,,,,,,,,,,,,,,,
港区,夕凪,1丁目,10番,上記以外,,,,,,,,,,月木,,,,,,,,,,,,,,,,,,,火,,,,,,,,,,,,,,,,金,,,,,,,,,,,,,,,,,,,,,
港区,夕凪,1丁目,11番,,,,,,,,,,,月木,,,,,,,,,,,,,,,,,,,火,,,,,,,,,,,,,,,,金,,,,,,,,,,,,,,,,,,,,,
港区,夕凪,1丁目,12番,,,,,,,,,,,月木,,,,,,,,,,,,,,,,,,,火,,,,,,,,,,,,,,,,金,,,,,,,,,,,,,,,,,,,,,
港区,夕凪,1丁目,13番,,,,,,,,,,,月木,,,,,,,,,,,,,,,,,,,火,,,,,,,,,,,,,,,,金,,,,,,,,,,,,,,,,,,,,,
港区,夕凪,1丁目,14番,,,,,,,,,,,月木,,,,,,,,,,,,,,,,,,,,火,,,,,,,,,,,,,,,,金,,,,,,,,,,,,,,,,,,,,
港区,夕凪,1丁目,15番,軽四輪車(小さい車)で収集している地域,,,,,,,,,,,,,,,,月木,,,,,,,,,,,,,,火,,,,,,,,,,,,,,,,金,,,,,,,,,,,,,,,,,,,,
港区,夕凪,1丁目,15番,上記以外,,,,,,,,,,月木,,,,,,,,,,,,,,,,,,,,火,,,,,,,,,,,,,,,,金,,,,,,,,,,,,,,,,,,,,
港区,夕凪,1丁目,16番,軽四輪車(小さい車)で収集している地域,,,,,,,,,,,,,,,,月木,,,,,,,,,,,,火,,,,,,,,,,,,,,,,,,金,,,,,,,,,,,,,,,,,,,,
港区,夕凪,1丁目,16番,上記以外,,,,,,,,,,月木,,,,,,,,,,,,,,,,,,火,,,,,,,,,,,,,,,,,,金,,,,,,,,,,,,,,,,,,,,
港区,夕凪,1丁目,17番,軽四輪車(小さい車)で収集している地域,,,,,,,,,,,,,,,,月木,,,,,,,,,,,,火,,,,,,,,,,,,,,,,,,金,,,,,,,,,,,,,,,,,,,,
港区,夕凪,1丁目,17番,上記以外,,,,,,,,,,月木,,,,,,,,,,,,,,,,,,火,,,,,,,,,,,,,,,,,,金,,,,,,,,,,,,,,,,,,,,
港区,夕凪,2丁目,1番,,,,,,,,,,,月木,,,,,,,,,,,,,,,,,,,,火,,,,,,,,,,,,,,,,金,,,,,,,,,,,,,,,,,,,,
港区,夕凪,2丁目,2番,,,,,,,,,,,月木,,,,,,,,,,,,,,,,,,,,火,,,,,,,,,,,,,,,,金,,,,,,,,,,,,,,,,,,,,
港区,夕凪,2丁目,3番,,,,,,,,,,,月木,,,,,,,,,,,,,,,,,,,火,,,,,,,,,,,,,,,,金,,,,,,,,,,,,,,,,,,,,,
港区,夕凪,2丁目,4番,,,,,,,,,,,月木,,,,,,,,,,,,,,,,,,火,,,,,,,,,,,,,,,,金,,,,,,,,,,,,,,,,,,,,,,
港区,夕凪,2丁目,5番,,,,,,,,,,,月木,,,,,,,,,,,,,,,,,,,火,,,,,,,,,,,,,,金,,,,,,,,,,,,,,,,,,,,,,,
港区,夕凪,2丁目,6番,,,,,,,,,,,月木,,,,,,,,,,,,,,,,,,火,,,,,,,,,,,,,,金,,,,,,,,,,,,,,,,,,,,,,,,
港区,夕凪,2丁目,7番,軽四輪車(小さい車)で収集している地域,,,,,,,,月木,,,,,,,,,,,,,,,,,,,,,,,火,,,,,,,,,,,,,,,,,,金,,,,,,,,,,,,,,,,,
港区,夕凪,2丁目,7番,上記以外,,,,,,,,,,月木,,,,,,,,,,,,,,,,,,,,,火,,,,,,,,,,,,,,,,,,金,,,,,,,,,,,,,,,,,
港区,夕凪,2丁目,8番,,,,,,,,,,,月木,,,,,,,,,,,,,,,,,,,火,,,,,,,,,,,,,,,,,金,,,,,,,,,,,,,,,,,,,,
港区,夕凪,2丁目,9番,,,,,,,,,,,月木,,,,,,,,,,,,,,,,,,,,,火,,,,,,,,,,,,,,,,,,金,,,,,,,,,,,,,,,,,
港区,夕凪,2丁目,10番,,,,,,,,,,,月木,,,,,,,,,,,,,,,,,,,,,火,,,,,,,,,,,,,,,,金,,,,,,,,,,,,,,,,,,,
港区,夕凪,2丁目,11番,,,,,,,,,,,月木,,,,,,,,,,,,,,,,,,,,,火,,,,,,,,,,,,,,,,,金,,,,,,,,,,,,,,,,,,
港区,夕凪,2丁目,12番,,,,,,,,,,,月木,,,,,,,,,,,,,,,,,,,,,火,,,,,,,,,,,,,,,,,,金,,,,,,,,,,,,,,,,,
港区,夕凪,2丁目,13番,,,,,,,,,,,月木,,,,,,,,,,,,,,,,,,,,,,火,,,,,,,,,,,,,,,,,金,,,,,,,,,,,,,,,,,
港区,夕凪,2丁目,14番,,,,,,,,,,,月木,,,,,,,,,,,,,,,,,,火,,,,,,,,,,,,,,,,,金,,,,,,,,,,,,,,,,,,,,,
港区,夕凪,2丁目,15番,,,,,,,,,,,月木,,,,,,,,,,,,,,,,,,火,,,,,,,,,,,,,,,,,金,,,,,,,,,,,,,,,,,,,,,
港区,夕凪,2丁目,16番,,,,,,,,,,,月木,,,,,,,,,,,,,,,,,,,,火,,,,,,,,,,,,,,,金,,,,,,,,,,,,,,,,,,,,,
港区,夕凪,2丁目,17番,,,,,,,,,,,月木,,,,,,,,,,,,,,,,,,,,,火,,,,,,,,,,,,,,,,金,,,,,,,,,,,,,,,,,,,
港区,夕凪,2丁目,18番,シティコーポ朝潮1号棟･シティコーポ朝潮2号棟,,,,,,,,,,月木,,,,,,,,,,,,,,,,,,,,,,火,,,,,,,,,,,,,,,,金,,,,,,,,,,,,,,,,,,
港区,夕凪,2丁目,18番,60~64号,,,,,,,,,,月木,,,,,,,,,,,,,,,,,,,,,,,火,,,,,,,,,,,,,,,,金,,,,,,,,,,,,,,,,,
港区,夕凪,2丁目,18番,上記以外,,,,,,,,,,月木,,,,,,,,,,,,,,,,,,,,,,,火,,,,,,,,,,,,,,,,金,,,,,,,,,,,,,,,,,
