’nˆæ,‰¹,’¬–¼,’š–Ú,”R‚â‚·‚²‚Ý,”R‚â‚³‚È‚¢‚²‚Ý,ƒvƒ‰ƒ}[ƒN,Ž‘Œ¹,‘e‘å‚²‚Ý
‹ž‹´,‚ ,–¾Î’¬,‘Sˆæ,…—j“úE“y—j“ú,–Ø—j“ú,‰Î—j“ú,ŒŽ—j“ú,“y—j“ú
‹ž‹´,‚¢,“ü‘D,‘Sˆæ,…—j“úE“y—j“ú,–Ø—j“ú,‰Î—j“ú,ŒŽ—j“ú,ŒŽ—j“ú
‹ž‹´,‚«,‹ž‹´,‘Sˆæ,ŒŽ—j“ú`“y—j“ú,‹à—j“ú,‰Î—j“ú,‰Î—j“ú,‰Î—j“ú
‹ž‹´,‚«,‹âÀ,1`2’š–Ú,ŒŽ—j“ú`“y—j“ú,ŒŽ—j“ú,–Ø—j“ú,–Ø—j“ú,–Ø—j“ú
‹ž‹´,‚«,‹âÀ,3`4’š–Ú,ŒŽ—j“ú`“y—j“ú,“y—j“ú,…—j“ú,…—j“ú,–Ø—j“ú
‹ž‹´,‚«,‹âÀ,5`6’š–Ú,ŒŽ—j“ú`“y—j“ú,…—j“ú,“y—j“ú,“y—j“ú,–Ø—j“ú
‹ž‹´,‚«,‹âÀ,7`8’š–Ú,ŒŽ—j“ú`“y—j“ú,–Ø—j“ú,ŒŽ—j“ú,ŒŽ—j“ú,–Ø—j“ú
‹ž‹´,‚µ,Vì,‘Sˆæ,‰Î—j“úE‹à—j“ú,…—j“ú,ŒŽ—j“ú,“y—j“ú,…—j“ú
‹ž‹´,‚µ,V•x,‘Sˆæ,ŒŽ—j“úE–Ø—j“ú,‹à—j“ú,…—j“ú,‰Î—j“ú,“y—j“ú
‹ž‹´,‚Â,’z’n,‘Sˆæ,ŒŽ—j“úE–Ø—j“ú,‹à—j“ú,…—j“ú,‰Î—j“ú,…—j“ú
‹ž‹´,‚Í,”ª’š–x,1’š–Ú,…—j“úE“y—j“ú,–Ø—j“ú,‰Î—j“ú,ŒŽ—j“ú,“y—j“ú
‹ž‹´,‚Í,”ª’š–x,2`4’š–Ú,‰Î—j“úE‹à—j“ú,…—j“ú,ŒŽ—j“ú,“y—j“ú,“y—j“ú
‹ž‹´,‚Í,•l—£‹{’ë‰€,,…—j“úE“y—j“ú,–Ø—j“ú,‰Î—j“ú,ŒŽ—j“ú,…—j“ú
‹ž‹´,‚Ý,–©,‘Sˆæ,…—j“úE“y—j“ú,–Ø—j“ú,‰Î—j“ú,ŒŽ—j“ú,ŒŽ—j“ú
‹ž‹´,‚â,”ªdF,2’š–Ú,ŒŽ—j“ú`“y—j“ú,‹à—j“ú,‰Î—j“ú,‰Î—j“ú,‰Î—j“ú
“ú–{‹´,‚¨,‘å“`”n’¬,‘Sˆæ,ŒŽ—j“úE–Ø—j“ú,‹à—j“ú,…—j“ú,‰Î—j“ú,‹à—j“ú
“ú–{‹´,‚©,ŠaŠk’¬,1’š–Ú,…—j“úE“y—j“ú,ŒŽ—j“ú,‹à—j“ú,–Ø—j“ú,‰Î—j“ú
“ú–{‹´,‚©,ŠaŠk’¬,2’š–Ú,…—j“úE“y—j“ú,–Ø—j“ú,‰Î—j“ú,ŒŽ—j“ú,‰Î—j“ú
“ú–{‹´,‚©,Š•’¬,‘Sˆæ,…—j“úE“y—j“ú,–Ø—j“ú,‰Î—j“ú,ŒŽ—j“ú,‰Î—j“ú
“ú–{‹´,‚©,Šê’¬,‘Sˆæ,…—j“úE“y—j“ú,–Ø—j“ú,‰Î—j“ú,ŒŽ—j“ú,‰Î—j“ú
“ú–{‹´,‚±,¬–Ô’¬,‘Sˆæ,…—j“úE“y—j“ú,ŒŽ—j“ú,‹à—j“ú,–Ø—j“ú,‰Î—j“ú
“ú–{‹´,‚±,¬“`”n’¬,1`2”ÔA7`21”Ô,ŒŽ—j“úE–Ø—j“ú,‹à—j“ú,…—j“ú,‰Î—j“ú,‹à—j“ú
“ú–{‹´,‚±,¬“`”n’¬,3`6”Ô,ŒŽ—j“úE–Ø—j“ú,‰Î—j“ú,“y—j“ú,‹à—j“ú,‹à—j“ú
“ú–{‹´,‚±,¬M’¬,‘Sˆæ,ŒŽ—j“úE–Ø—j“ú,‹à—j“ú,…—j“ú,‰Î—j“ú,‹à—j“ú
“ú–{‹´,‚Æ,•x‘ò’¬,‘Sˆæ,ŒŽ—j“úE–Ø—j“ú,‹à—j“ú,…—j“ú,‰Î—j“ú,‹à—j“ú
“ú–{‹´,‚È,’†F,‘Sˆæ,…—j“úE“y—j“ú,ŒŽ—j“ú,‹à—j“ú,–Ø—j“ú,‰Î—j“ú
“ú–{‹´,‚É,“ú–{‹´,1`3’š–Ú,ŒŽ—j“ú`“y—j“ú,‰Î—j“ú,‹à—j“ú,‹à—j“ú,‰Î—j“ú
“ú–{‹´,‚É,lŒ`’¬,1’š–Ú,…—j“úE“y—j“ú,ŒŽ—j“ú,‹à—j“ú,–Ø—j“ú,‰Î—j“ú
“ú–{‹´,‚É,lŒ`’¬,2’š–Ú1`14”Ô,"ŒŽ—j“úE‰Î—j“úE…—j“ú
‹à—j“úE“y—j“ú",ŒŽ—j“ú,–Ø—j“ú,–Ø—j“ú,‰Î—j“ú
“ú–{‹´,‚É,lŒ`’¬,2’š–Ú15`37”Ô,…—j“úE“y—j“ú,ŒŽ—j“ú,‹à—j“ú,–Ø—j“ú,‰Î—j“ú
“ú–{‹´,‚É,lŒ`’¬,3’š–Ú,ŒŽ—j“úE–Ø—j“ú,‹à—j“ú,…—j“ú,‰Î—j“ú,‰Î—j“ú
“ú–{‹´,‚Í,”n‹ò’¬,‘Sˆæ,‰Î—j“úE‹à—j“ú,…—j“ú,ŒŽ—j“ú,“y—j“ú,‹à—j“ú
“ú–{‹´,‚Í,” è’¬,‘Sˆæ,…—j“úE“y—j“ú,–Ø—j“ú,‰Î—j“ú,ŒŽ—j“ú,‰Î—j“ú
“ú–{‹´,‚Í,•l’¬,1’š–Ú,‰Î—j“úE‹à—j“ú,…—j“ú,ŒŽ—j“ú,“y—j“ú,‹à—j“ú
“ú–{‹´,‚Í,•l’¬,2’š–Ú,‰Î—j“úE‹à—j“ú,“y—j“ú,–Ø—j“ú,…—j“ú,‹à—j“ú
“ú–{‹´,‚Í,•l’¬,3’š–Ú,…—j“úE“y—j“ú,ŒŽ—j“ú,‹à—j“ú,–Ø—j“ú,‰Î—j“ú
“ú–{‹´,‚Ð,“Œ“ú–{‹´,‘Sˆæ,‰Î—j“úE‹à—j“ú,…—j“ú,ŒŽ—j“ú,“y—j“ú,‹à—j“ú
“ú–{‹´,‚Ð,‹v¼’¬,‘Sˆæ,‰Î—j“úE‹à—j“ú,…—j“ú,ŒŽ—j“ú,“y—j“ú,‹à—j“ú
“ú–{‹´,‚Ù,–x—¯’¬,‘Sˆæ,ŒŽ—j“úE–Ø—j“ú,‹à—j“ú,…—j“ú,‰Î—j“ú,‹à—j“ú
“ú–{‹´,‚Ù,–{Î’¬,‘Sˆæ,ŒŽ—j“úE–Ø—j“ú,‰Î—j“ú,“y—j“ú,‹à—j“ú,‹à—j“ú
“ú–{‹´,‚Ù,–{’¬,1’š–Ú1`5”Ô,ŒŽ—j“úE–Ø—j“ú,‰Î—j“ú,“y—j“ú,‹à—j“ú,‹à—j“ú
“ú–{‹´,‚Ù,–{’¬,1’š–Ú6`9”Ô,ŒŽ—j“úE–Ø—j“ú,‹à—j“ú,…—j“ú,‰Î—j“ú,‹à—j“ú
“ú–{‹´,‚Ù,–{’¬,1’š–Ú10”Ô,…—j“úE“y—j“ú,ŒŽ—j“ú,‹à—j“ú,–Ø—j“ú,‹à—j“ú
“ú–{‹´,‚Ù,–{’¬,2’š–Ú1`5”Ô,ŒŽ—j“úE–Ø—j“ú,‰Î—j“ú,“y—j“ú,‹à—j“ú,‹à—j“ú
“ú–{‹´,‚Ù,–{’¬,2’š–Ú6`8”Ô,ŒŽ—j“úE–Ø—j“ú,‹à—j“ú,…—j“ú,‰Î—j“ú,‹à—j“ú
“ú–{‹´,‚Ù,–{’¬,3’š–Ú1`5”Ô,ŒŽ—j“úE–Ø—j“ú,‰Î—j“ú,“y—j“ú,‹à—j“ú,‹à—j“ú
“ú–{‹´,‚Ù,–{’¬,3’š–Ú6`11”Ô,ŒŽ—j“úE–Ø—j“ú,‹à—j“ú,…—j“ú,‰Î—j“ú,‹à—j“ú
“ú–{‹´,‚Ù,–{’¬,4’š–Ú,ŒŽ—j“úE–Ø—j“ú,‰Î—j“ú,“y—j“ú,‹à—j“ú,‹à—j“ú
“ú–{‹´,‚Þ,Žº’¬,‘Sˆæ,ŒŽ—j“úE–Ø—j“ú,‰Î—j“ú,“y—j“ú,‹à—j“ú,‹à—j“ú
“ú–{‹´,‚â,”ªdF,1’š–Ú,ŒŽ—j“ú`“y—j“ú,‰Î—j“ú,‹à—j“ú,‹à—j“ú,‰Î—j“ú
“ú–{‹´,‚æ,‰¡ŽR’¬,‘Sˆæ,‰Î—j“úE‹à—j“ú,…—j“ú,ŒŽ—j“ú,“y—j“ú,‹à—j“ú
ŒŽ“‡,‚©,Ÿ‚Ç‚«,‘Sˆæ,ŒŽ—j“úE–Ø—j“ú,‰Î—j“ú,“y—j“ú,‹à—j“ú,–Ø—j“ú
ŒŽ“‡,‚Â,ŒŽ“‡,‘Sˆæ,‰Î—j“úE‹à—j“ú,“y—j“ú,–Ø—j“ú,…—j“ú,“y—j“ú
ŒŽ“‡,‚Â,’Ï,‘Sˆæ,…—j“úE“y—j“ú,ŒŽ—j“ú,‹à—j“ú,–Ø—j“ú,ŒŽ—j“ú
ŒŽ“‡,‚Æ,–LŠC’¬,‘Sˆæ,ŒŽ—j“úE–Ø—j“ú,‰Î—j“ú,“y—j“ú,‹à—j“ú,–Ø—j“ú
ŒŽ“‡,‚Í,°ŠC,‘Sˆæ,…—j“úE“y—j“ú,ŒŽ—j“ú,‹à—j“ú,–Ø—j“ú,…—j“ú
